open,high,low,close,percent_change,turnover,date
467.43,467.43,467.43,467.43,0.31,0.00,2011-03-20
464.59,464.59,464.59,464.59,-0.40,0.00,2011-03-25
464.37,464.37,464.37,464.37,-0.02,0.00,2011-03-27
460.73,460.73,460.73,460.73,-0.25,0.00,2011-03-28
460.73,460.73,460.73,460.73,0.00,0.00,2011-03-29
456.09,456.09,456.09,456.09,-0.72,0.00,2011-03-30
459.80,459.80,459.80,459.80,0.81,0.00,2011-03-31
458.68,458.68,458.68,458.68,-0.07,0.00,2011-04-04
456.72,456.72,456.72,456.72,-0.43,0.00,2011-04-05
455.35,455.35,455.35,455.35,-0.30,0.00,2011-04-06
455.32,455.32,455.32,455.32,-0.04,0.00,2011-04-07
454.29,454.29,454.29,454.29,-0.23,0.00,2011-04-10
452.29,452.29,452.29,452.29,-0.44,0.00,2011-04-11
450.69,450.69,450.69,450.69,-0.35,0.00,2011-04-13
452.65,452.65,452.65,452.65,0.44,0.00,2011-04-17
450.32,450.32,450.32,450.32,-0.51,0.00,2011-04-18
450.07,450.07,450.07,450.07,-0.06,0.00,2011-04-19
445.36,445.36,445.36,445.36,-0.77,0.00,2011-04-20
443.51,443.51,443.51,443.51,-0.45,0.00,2011-04-21
442.94,442.94,442.94,442.94,-0.36,0.00,2011-04-25
443.28,443.28,443.28,443.28,0.08,0.00,2011-04-26
442.68,442.68,442.68,442.68,-0.14,0.00,2011-04-27
442.52,442.52,442.52,442.52,-0.04,0.00,2011-04-28
430.34,430.34,430.34,430.34,-2.75,0.00,2011-05-02
426.83,426.83,426.83,426.83,-0.82,0.00,2011-05-03
428.29,428.29,428.29,428.29,0.34,0.00,2011-05-04
427.44,427.44,427.44,427.44,-0.16,0.00,2011-05-05
428.18,428.18,428.18,428.18,0.17,0.00,2011-05-08
428.12,428.12,428.12,428.12,-0.02,0.00,2011-05-09
425.77,425.77,425.77,425.77,-0.55,0.00,2011-05-10
427.25,427.25,427.25,427.25,0.35,0.00,2011-05-11
424.71,424.71,424.71,424.71,-0.60,0.00,2011-05-12
425.87,425.87,425.87,425.87,0.27,0.00,2011-05-15
427.37,427.37,427.37,427.37,0.32,0.00,2011-05-16
425.43,425.43,425.43,425.43,-0.45,0.00,2011-05-18
422.84,422.84,422.84,422.84,-0.72,0.00,2011-05-19
421.03,421.03,421.03,421.03,-0.43,0.00,2011-05-22
420.92,420.92,420.92,420.92,-0.03,0.00,2011-05-23
421.17,421.17,421.17,421.17,0.06,0.00,2011-05-24
420.59,420.59,420.59,420.59,-0.14,0.00,2011-05-25
421.92,421.92,421.92,421.92,0.32,0.00,2011-05-26
418.68,418.68,418.68,418.68,-0.77,0.00,2011-05-30
419.12,419.12,419.12,419.12,0.10,0.00,2011-05-31
419.06,419.06,419.06,419.06,-0.08,0.00,2011-06-01
419.36,419.36,419.36,419.36,0.07,0.00,2011-06-02
420.20,420.20,420.20,420.20,0.20,0.00,2011-06-05
419.07,419.07,419.07,419.07,-0.27,0.00,2011-06-06
416.31,416.31,416.31,416.31,-0.66,0.00,2011-06-07
411.29,411.29,411.29,411.29,-1.20,0.00,2011-06-08
412.27,412.27,412.27,412.27,0.24,0.00,2011-06-09
410.64,410.64,410.64,410.64,-0.39,0.00,2011-06-12
406.34,406.34,406.34,406.34,-1.05,0.00,2011-06-13
404.06,404.06,404.06,404.06,-0.56,0.00,2011-06-14
397.95,397.95,397.95,397.95,-1.51,0.00,2011-06-15
400.63,400.63,400.63,400.63,0.67,0.00,2011-06-16
409.59,409.59,409.59,409.59,1.70,0.00,2011-06-20
415.63,415.63,415.63,415.63,1.47,0.00,2011-06-21
428.22,428.22,428.22,428.22,3.03,0.00,2011-06-23
432.44,432.44,432.44,432.44,0.60,0.00,2011-06-26
434.33,434.33,434.33,434.33,0.32,0.00,2011-06-27
430.38,430.38,430.38,430.38,-0.91,0.00,2011-06-29
426.18,426.18,426.18,426.18,-0.98,0.00,2011-06-30
419.78,419.78,419.78,419.78,-1.50,0.00,2011-07-03
414.34,414.34,414.34,414.34,-1.29,0.00,2011-07-04
412.32,412.32,412.32,412.32,-0.49,0.00,2011-07-05
411.15,411.15,411.15,411.15,-0.28,0.00,2011-07-06
410.18,410.18,410.18,410.18,-0.24,0.00,2011-07-07
409.69,409.69,409.69,409.69,-0.12,0.00,2011-07-10
410.73,410.73,410.73,410.73,-0.49,0.00,2011-07-11
409.78,409.78,409.78,409.78,-0.23,0.00,2011-07-12
407.62,407.62,407.62,407.62,-0.53,0.00,2011-07-13
407.01,407.01,407.01,407.01,-0.15,0.00,2011-07-14
410.20,410.20,410.20,410.20,0.78,0.00,2011-07-17
411.31,411.31,411.31,411.31,0.27,0.00,2011-07-18
409.68,409.68,409.68,409.68,-0.40,0.00,2011-07-19
417.34,417.34,417.34,417.34,1.87,0.00,2011-07-20
415.77,415.77,415.77,415.77,-0.38,0.00,2011-07-21
415.81,415.81,415.81,415.81,0.01,0.00,2011-07-24
414.28,414.28,414.28,414.28,-0.37,0.00,2011-07-25
411.81,411.81,411.81,411.81,-0.60,0.00,2011-07-26
409.31,409.31,409.31,409.31,-0.61,0.00,2011-07-27
408.75,408.75,408.75,408.75,-0.14,0.00,2011-07-28
410.15,410.15,410.15,410.15,-0.08,0.00,2011-07-31
410.93,410.93,410.93,410.93,0.19,0.00,2011-08-01
419.40,419.40,419.40,419.40,2.02,0.00,2011-08-02
420.23,420.23,420.23,420.23,0.20,0.00,2011-08-03
420.50,420.50,420.50,420.50,0.18,0.00,2011-08-04
419.67,419.67,419.67,419.67,-0.20,0.00,2011-08-07
418.62,418.62,418.62,418.62,-0.25,0.00,2011-08-08
419.99,419.99,419.99,419.99,0.33,0.00,2011-08-09
421.39,421.39,421.39,421.39,0.33,0.00,2011-08-10
420.15,420.15,420.15,420.15,-0.29,0.00,2011-08-11
420.38,420.38,420.38,420.38,0.05,0.00,2011-08-15
421.60,421.60,421.60,421.60,0.29,0.00,2011-08-16
421.23,421.23,421.23,421.23,-0.09,0.00,2011-08-17
422.26,422.26,422.26,422.26,0.25,0.00,2011-08-18
419.48,419.48,419.48,419.48,-0.66,0.00,2011-08-22
417.45,417.45,417.45,417.45,-0.48,0.00,2011-08-23
417.70,417.70,417.70,417.70,0.06,0.00,2011-08-24
418.25,418.25,418.25,418.25,0.13,0.00,2011-08-25
415.12,415.12,415.12,415.12,-0.75,0.00,2011-08-28
412.64,412.64,412.64,412.64,-0.60,0.00,2011-08-29
409.53,409.53,409.53,409.53,-0.75,0.00,2011-08-30
411.48,411.48,411.48,411.48,0.48,0.00,2011-09-01
410.54,410.54,410.54,410.54,-0.23,0.00,2011-09-04
409.55,409.55,409.55,409.55,-0.24,0.00,2011-09-05
407.08,407.08,407.08,407.08,-0.60,0.00,2011-09-06
405.79,405.79,405.79,405.79,-0.32,0.00,2011-09-07
408.73,408.73,408.73,408.73,0.72,0.00,2011-09-08
406.46,406.46,406.46,406.46,-0.69,0.00,2011-09-12
404.55,404.55,404.55,404.55,-0.47,0.00,2011-09-13
404.64,404.64,404.64,404.64,0.02,0.00,2011-09-14
401.80,401.80,401.80,401.80,-0.70,0.00,2011-09-15
399.73,399.73,399.73,399.73,-0.43,0.00,2011-09-18
399.00,399.00,399.00,399.00,-0.18,0.00,2011-09-19
398.73,398.73,398.73,398.73,-0.07,0.00,2011-09-20
400.87,400.87,400.87,400.87,0.45,0.00,2011-09-21
402.03,402.03,402.03,402.03,0.29,0.00,2011-09-22
403.67,403.67,403.67,403.67,0.33,0.00,2011-09-25
404.87,404.87,404.87,404.87,0.30,0.00,2011-09-26
404.24,404.24,404.24,404.24,-0.16,0.00,2011-09-27
408.05,408.05,408.05,408.05,0.94,0.00,2011-09-29
405.44,405.44,405.44,405.44,-0.64,0.00,2011-10-02
405.44,405.44,405.44,405.44,0.00,0.00,2011-10-09
406.29,406.29,406.29,406.29,0.21,0.00,2011-10-10
403.53,403.53,403.53,403.53,-0.68,0.00,2011-10-12
402.10,402.10,402.10,402.10,-0.36,0.00,2011-10-13
401.72,401.72,401.72,401.72,-0.09,0.00,2011-10-16
400.55,400.55,400.55,400.55,-0.29,0.00,2011-10-17
397.73,397.73,397.73,397.73,-0.70,0.00,2011-10-18
398.02,398.02,398.02,398.02,0.07,0.00,2011-10-19
394.26,394.26,394.26,394.26,-0.94,0.00,2011-10-20
395.48,395.48,395.48,395.48,0.31,0.00,2011-10-23
397.33,397.33,397.33,397.33,0.47,0.00,2011-10-24
398.14,398.14,398.14,398.14,0.20,0.00,2011-10-25
398.29,398.29,398.29,398.29,0.04,0.00,2011-10-30
402.24,402.24,402.24,402.24,0.99,0.00,2011-10-31
408.21,408.21,408.21,408.21,1.48,0.00,2011-11-02
409.54,409.54,409.54,409.54,0.19,0.00,2011-11-03
411.39,411.39,411.39,411.39,0.45,0.00,2011-11-06
411.55,411.55,411.55,411.55,0.04,0.00,2011-11-08
410.98,410.98,410.98,410.98,-0.14,0.00,2011-11-09
416.46,416.46,416.46,416.46,1.33,0.00,2011-11-10
417.02,417.02,417.02,417.02,0.14,0.00,2011-11-13
414.30,414.30,414.30,414.30,-0.72,0.00,2011-11-14
408.91,408.91,408.91,408.91,-1.30,0.00,2011-11-15
410.50,410.50,410.50,410.50,0.39,0.00,2011-11-16
410.63,410.63,410.63,410.63,0.03,0.00,2011-11-17
408.84,408.84,408.84,408.84,-0.44,0.00,2011-11-20
407.29,407.29,407.29,407.29,-0.17,0.00,2011-11-21
408.60,408.60,408.60,408.60,0.32,0.00,2011-11-22
406.08,406.08,406.08,406.08,-0.62,0.00,2011-11-23
404.70,404.70,404.70,404.70,-0.34,0.00,2011-11-24
404.99,404.99,404.99,404.99,0.07,0.00,2011-11-27
402.67,402.67,402.67,402.67,-0.57,0.00,2011-11-28
399.26,399.26,399.26,399.26,-0.06,0.00,2011-12-01
398.06,398.06,398.06,398.06,-0.30,0.00,2011-12-04
398.86,398.86,398.86,398.86,0.20,0.00,2011-12-05
398.61,398.61,398.61,398.61,-0.06,0.00,2011-12-06
392.59,392.59,392.59,392.59,-1.51,0.00,2011-12-07
391.74,391.74,391.74,391.74,-0.23,0.00,2011-12-08
387.92,387.92,387.92,387.92,-0.98,0.00,2011-12-11
387.12,387.12,387.12,387.12,-0.21,0.00,2011-12-12
386.96,386.96,386.96,386.96,-0.04,0.00,2011-12-13
386.89,386.89,386.89,386.89,-0.02,0.00,2011-12-14
383.53,383.53,383.53,383.53,-0.87,0.00,2011-12-15
382.94,382.94,382.94,382.94,-0.15,0.00,2011-12-18
381.64,381.64,381.64,381.64,-0.34,0.00,2011-12-19
385.61,385.61,385.61,385.61,1.04,0.00,2011-12-20
389.55,389.55,389.55,389.55,1.02,0.00,2011-12-21
387.85,387.85,387.85,387.85,-0.44,0.00,2011-12-22
391.19,391.19,391.19,391.19,0.86,0.00,2011-12-26
389.38,389.38,389.38,389.38,-0.46,0.00,2011-12-27
388.55,388.55,388.55,388.55,-0.21,0.00,2011-12-28
389.96,389.96,389.96,389.96,0.36,0.00,2011-12-29
389.68,389.68,389.68,389.68,-0.07,0.00,2012-01-01
392.42,392.42,392.42,392.42,0.70,0.00,2012-01-02
393.02,393.02,393.02,393.02,0.15,0.00,2012-01-03
384.64,384.64,384.64,384.64,-2.13,0.00,2012-01-04
384.92,384.92,384.92,384.92,0.07,0.00,2012-01-05
384.93,384.93,384.93,384.93,0.00,0.00,2012-01-08
386.89,386.89,386.89,386.89,0.51,0.00,2012-01-09
386.72,386.72,386.72,386.72,0.03,0.00,2012-01-10
386.83,386.83,386.83,386.83,0.03,0.00,2012-01-11
395.93,395.93,395.93,395.93,2.35,0.00,2012-01-12
400.71,400.71,400.71,400.71,0.57,0.00,2012-01-17
399.29,399.29,399.29,399.29,-0.36,0.00,2012-01-18
399.93,399.93,399.93,399.93,0.16,0.00,2012-01-19
398.56,398.56,398.56,398.56,-0.34,0.00,2012-01-22
396.67,396.67,396.67,396.67,-0.47,0.00,2012-01-23
396.18,396.18,396.18,396.18,-0.12,0.00,2012-01-25
396.82,396.82,396.82,396.82,0.16,0.00,2012-01-26
396.06,396.06,396.06,396.06,-0.19,0.00,2012-01-29
395.70,395.70,395.70,395.70,-0.09,0.00,2012-01-31
395.73,395.73,395.73,395.73,0.01,0.00,2012-02-01
395.63,395.63,395.63,395.63,-0.02,0.00,2012-02-02
395.32,395.32,395.32,395.32,-0.08,0.00,2012-02-05
391.71,391.71,391.71,391.71,-0.91,0.00,2012-02-06
390.21,390.21,390.21,390.21,-0.38,0.00,2012-02-07
390.58,390.58,390.58,390.58,0.09,0.00,2012-02-08
390.31,390.31,390.31,390.31,-0.07,0.00,2012-02-09
389.09,389.09,389.09,389.09,-0.31,0.00,2012-02-12
387.86,387.86,387.86,387.86,-0.35,0.00,2012-02-13
387.76,387.76,387.76,387.76,-0.03,0.00,2012-02-14
389.30,389.30,389.30,389.30,0.40,0.00,2012-02-15
387.91,387.91,387.91,387.91,-0.36,0.00,2012-02-16
387.47,387.47,387.47,387.47,-0.11,0.00,2012-02-21
386.46,386.46,386.46,386.46,-0.26,0.00,2012-02-23
388.97,388.97,388.97,388.97,0.65,0.00,2012-02-26
388.38,388.38,388.38,388.38,-0.15,0.00,2012-02-27
386.15,386.15,386.15,386.15,-0.57,0.00,2012-02-28
391.43,391.43,391.43,391.43,1.33,0.00,2012-02-29
391.19,391.19,391.19,391.19,-0.06,0.00,2012-03-01
389.67,389.67,389.67,389.67,-0.39,0.00,2012-03-04
388.33,388.33,388.33,388.33,-0.34,0.00,2012-03-05
390.13,390.13,390.13,390.13,0.46,0.00,2012-03-06
389.76,389.76,389.76,389.76,-0.10,0.00,2012-03-11
390.50,390.50,390.50,390.50,0.19,0.00,2012-03-12
391.52,391.52,391.52,391.52,0.26,0.00,2012-03-13
391.74,391.74,391.74,391.74,0.06,0.00,2012-03-14
391.40,391.40,391.40,391.40,-0.09,0.00,2012-03-15
389.23,389.23,389.23,389.23,-0.55,0.00,2012-03-18
386.78,386.78,386.78,386.78,-0.63,0.00,2012-03-19
384.84,384.84,384.84,384.84,-0.50,0.00,2012-03-20
385.35,385.35,385.35,385.35,0.13,0.00,2012-03-21
383.21,383.21,383.21,383.21,-0.56,0.00,2012-03-25
382.51,382.51,382.51,382.51,-0.18,0.00,2012-03-26
384.31,384.31,384.31,384.31,0.47,0.00,2012-03-27
383.35,383.35,383.35,383.35,-0.25,0.00,2012-03-28
384.55,384.55,384.55,384.55,0.31,0.00,2012-03-29
382.44,382.44,382.44,382.44,-0.54,0.00,2012-04-01
383.21,383.21,383.21,383.21,0.20,0.00,2012-04-02
383.48,383.48,383.48,383.48,0.07,0.00,2012-04-03
384.31,384.31,384.31,384.31,0.22,0.00,2012-04-04
384.43,384.43,384.43,384.43,0.03,0.00,2012-04-05
383.80,383.80,383.80,383.80,-0.16,0.00,2012-04-08
385.14,385.14,385.14,385.14,0.35,0.00,2012-04-09
385.22,385.22,385.22,385.22,0.02,0.00,2012-04-10
389.46,389.46,389.46,389.46,1.10,0.00,2012-04-11
395.35,395.35,395.35,395.35,1.51,0.00,2012-04-12
398.36,398.36,398.36,398.36,0.76,0.00,2012-04-15
403.49,403.49,403.49,403.49,1.29,0.00,2012-04-16
403.45,403.45,403.45,403.45,-0.01,0.00,2012-04-17
415.57,415.57,415.57,415.57,3.00,0.00,2012-04-18
423.71,423.71,423.71,423.71,1.96,0.00,2012-04-19
428.67,428.67,428.67,428.67,1.17,0.00,2012-04-22
434.34,434.34,434.34,434.34,1.32,0.00,2012-04-24
438.25,438.25,438.25,438.25,0.90,0.00,2012-04-25
448.95,448.95,448.95,448.95,2.25,0.00,2012-04-26
463.56,463.56,463.56,463.56,3.25,0.00,2012-04-29
467.55,467.55,467.55,467.55,0.86,0.00,2012-04-30
468.56,468.56,468.56,468.56,0.22,0.00,2012-05-02
475.76,475.76,475.76,475.76,1.54,0.00,2012-05-03
480.61,480.61,480.61,480.61,1.01,0.00,2012-05-07
481.45,481.45,481.45,481.45,0.17,0.00,2012-05-08
481.63,481.63,481.63,481.63,0.04,0.00,2012-05-09
479.22,479.22,479.22,479.22,-0.50,0.00,2012-05-10
479.95,479.95,479.95,479.95,0.15,0.00,2012-05-13
477.47,477.47,477.47,477.47,-0.52,0.00,2012-05-14
483.47,483.47,483.47,483.47,1.25,0.00,2012-05-15
493.13,493.13,493.13,493.13,2.00,0.00,2012-05-16
500.41,500.41,500.41,500.41,1.48,0.00,2012-05-17
500.96,500.96,500.96,500.96,-0.19,0.00,2012-05-20
505.27,505.27,505.27,505.27,0.86,0.00,2012-05-21
499.73,499.73,499.73,499.73,-1.43,0.00,2012-05-22
496.76,496.76,496.76,496.76,-0.59,0.00,2012-05-23
498.67,498.67,498.67,498.67,0.52,0.00,2012-05-24
500.63,500.63,500.63,500.63,0.39,0.00,2012-05-27
490.84,490.84,490.84,490.84,-1.95,0.00,2012-05-29
485.98,485.98,485.98,485.98,-0.99,0.00,2012-05-30
489.76,489.76,489.76,489.76,0.78,0.00,2012-05-31
493.29,493.29,493.29,493.29,0.72,0.00,2012-06-03
491.57,491.57,491.57,491.57,-0.35,0.00,2012-06-04
486.71,486.71,486.71,486.71,-0.98,0.00,2012-06-05
482.56,482.56,482.56,482.56,-0.85,0.00,2012-06-06
486.64,486.64,486.64,486.64,0.85,0.00,2012-06-07
484.53,484.53,484.53,484.53,-0.43,0.00,2012-06-10
485.09,485.09,485.09,485.09,0.12,0.00,2012-06-11
487.89,487.89,487.89,487.89,0.58,0.00,2012-06-12
486.56,486.56,486.56,486.56,-0.27,0.00,2012-06-13
483.17,483.17,483.17,483.17,-0.70,0.00,2012-06-14
482.34,482.34,482.34,482.34,-0.17,0.00,2012-06-17
482.17,482.17,482.17,482.17,-0.03,0.00,2012-06-18
479.76,479.76,479.76,479.76,-0.50,0.00,2012-06-19
480.58,480.58,480.58,480.58,0.17,0.00,2012-06-20
480.03,480.03,480.03,480.03,-0.11,0.00,2012-06-21
481.85,481.85,481.85,481.85,0.38,0.00,2012-06-25
480.35,480.35,480.35,480.35,-0.31,0.00,2012-06-26
480.37,480.37,480.37,480.37,0.00,0.00,2012-06-27
480.90,480.90,480.90,480.90,0.11,0.00,2012-06-28
482.97,482.97,482.97,482.97,0.43,0.00,2012-07-01
482.82,482.82,482.82,482.82,-0.03,0.00,2012-07-02
481.39,481.39,481.39,481.39,-0.30,0.00,2012-07-03
485.40,485.40,485.40,485.40,0.83,0.00,2012-07-04
487.35,487.35,487.35,487.35,0.40,0.00,2012-07-05
486.13,486.13,486.13,486.13,-0.25,0.00,2012-07-08
483.61,483.61,483.61,483.61,-0.52,0.00,2012-07-09
489.27,489.27,489.27,489.27,1.17,0.00,2012-07-10
494.19,494.19,494.19,494.19,1.01,0.00,2012-07-11
495.08,495.08,495.08,495.08,0.18,0.00,2012-07-12
497.86,497.86,497.86,497.86,0.56,0.00,2012-07-15
499.16,499.16,499.16,499.16,0.26,0.00,2012-07-16
499.99,499.99,499.99,499.99,-0.02,0.00,2012-07-17
500.37,500.37,500.37,500.37,0.08,0.00,2012-07-18
508.99,508.99,508.99,508.99,2.00,0.00,2012-07-19
512.48,512.48,512.48,512.48,0.69,0.00,2012-07-22
512.93,512.93,512.93,512.93,0.12,0.00,2012-07-23
508.72,508.72,508.72,508.72,-0.82,0.00,2012-07-24
509.04,509.04,509.04,509.04,0.06,0.00,2012-07-25
509.40,509.40,509.40,509.40,0.07,0.00,2012-07-26
507.70,507.70,507.70,507.70,-0.33,0.00,2012-07-29
514.50,514.50,514.50,514.50,1.34,0.00,2012-07-30
516.47,516.47,516.47,516.47,0.38,0.00,2012-07-31
518.95,518.95,518.95,518.95,0.48,0.00,2012-08-01
522.84,522.84,522.84,522.84,0.71,0.00,2012-08-05
523.44,523.44,523.44,523.44,0.12,0.00,2012-08-06
522.67,522.67,522.67,522.67,-0.15,0.00,2012-08-07
519.40,519.40,519.40,519.40,-0.63,0.00,2012-08-08
520.37,520.37,520.37,520.37,0.18,0.00,2012-08-12
520.00,520.00,520.00,520.00,-0.07,0.00,2012-08-13
523.89,523.89,523.89,523.89,0.75,0.00,2012-08-14
520.81,520.81,520.81,520.81,-0.59,0.00,2012-08-15
527.02,527.02,527.02,527.02,1.19,0.00,2012-08-16
524.82,524.82,524.82,524.82,-0.42,0.00,2012-08-19
521.35,521.35,521.35,521.35,-0.66,0.00,2012-08-21
522.49,522.49,522.49,522.49,0.21,0.00,2012-08-22
528.36,528.36,528.36,528.36,1.12,0.00,2012-08-23
532.06,532.06,532.06,532.06,0.70,0.00,2012-08-26
534.87,534.87,534.87,534.87,0.53,0.00,2012-08-27
542.57,542.57,542.57,542.57,1.43,0.00,2012-08-28
552.73,552.73,552.73,552.73,1.87,0.00,2012-08-29
555.66,555.66,555.66,555.66,0.52,0.00,2012-08-30
558.04,558.04,558.04,558.04,0.43,0.00,2012-09-02
557.04,557.04,557.04,557.04,-0.17,0.00,2012-09-03
561.29,561.29,561.29,561.29,0.76,0.00,2012-09-04
568.38,568.38,568.38,568.38,1.26,0.00,2012-09-05
590.50,590.50,590.50,590.50,3.89,0.00,2012-09-06
614.37,614.37,614.37,614.37,4.04,0.00,2012-09-09
637.92,637.92,637.92,637.92,3.83,0.00,2012-09-10
650.91,650.91,650.91,650.91,2.03,0.00,2012-09-11
647.95,647.95,647.95,647.95,-0.46,0.00,2012-09-12
650.96,650.96,650.96,650.96,0.33,0.00,2012-09-13
669.64,669.64,669.64,669.64,2.87,0.00,2012-09-16
659.87,659.87,659.87,659.87,-1.46,0.00,2012-09-17
663.59,663.59,663.59,663.59,0.56,0.00,2012-09-18
661.24,661.24,661.24,661.24,-0.35,0.00,2012-09-19
658.80,658.80,658.80,658.80,-0.37,0.00,2012-09-20
659.66,659.66,659.66,659.66,0.13,0.00,2012-09-23
662.82,662.82,662.82,662.82,0.12,0.00,2012-09-24
664.35,664.35,664.35,664.35,0.23,0.00,2012-09-25
667.50,667.50,667.50,667.50,0.47,0.00,2012-09-26
675.10,675.10,675.10,675.10,-0.57,0.00,2012-09-30
699.14,699.14,699.14,699.14,3.56,0.00,2012-10-01
692.03,692.03,692.03,692.03,-1.01,0.00,2012-10-02
688.41,688.41,688.41,688.41,-0.52,0.00,2012-10-03
703.72,703.72,703.72,703.72,2.22,0.00,2012-10-04
712.16,712.16,712.16,712.16,1.20,0.00,2012-10-07
709.41,709.41,709.41,709.41,-0.39,0.00,2012-10-08
702.29,702.29,702.29,702.29,-1.00,0.00,2012-10-09
709.24,709.24,709.24,709.24,0.99,0.00,2012-10-10
706.98,706.98,706.98,706.98,-0.32,0.00,2012-10-11
716.96,716.96,716.96,716.96,1.19,0.00,2012-10-14
702.44,702.44,702.44,702.44,-2.02,0.00,2012-10-15
706.30,706.30,706.30,706.30,0.55,0.00,2012-10-17
716.38,716.38,716.38,716.38,1.42,0.00,2012-10-18
724.10,724.10,724.10,724.10,1.07,0.00,2012-10-30
732.62,732.62,732.62,732.62,1.18,0.00,2012-10-31
728.80,728.80,728.80,728.80,-0.52,0.00,2012-11-01
728.16,728.16,728.16,728.16,-0.10,0.00,2012-11-04
738.38,738.38,738.38,738.38,1.40,0.00,2012-11-05
741.91,741.91,741.91,741.91,0.48,0.00,2012-11-06
744.73,744.73,744.73,744.73,0.45,0.00,2012-11-07
744.60,744.60,744.60,744.60,-0.02,0.00,2012-11-08
730.47,730.47,730.47,730.47,-1.90,0.00,2012-11-11
734.51,734.51,734.51,734.51,0.55,0.00,2012-11-12
744.57,744.57,744.57,744.57,1.41,0.00,2012-11-18
749.27,749.27,749.27,749.27,0.85,0.00,2012-11-20
760.46,760.46,760.46,760.46,1.49,0.00,2012-11-21
760.80,760.80,760.80,760.80,0.04,0.00,2012-11-22
756.77,756.77,756.77,756.77,-0.48,0.00,2012-11-25
745.57,745.57,745.57,745.57,-1.48,0.00,2012-11-26
733.47,733.47,733.47,733.47,-1.62,0.00,2012-11-27
729.84,729.84,729.84,729.84,-0.42,0.00,2012-11-28
729.24,729.24,729.24,729.24,-0.08,0.00,2012-11-29
732.83,732.83,732.83,732.83,0.47,0.00,2012-12-02
723.40,723.40,723.40,723.40,-1.27,0.00,2012-12-03
735.47,735.47,735.47,735.47,1.67,0.00,2012-12-04
735.98,735.98,735.98,735.98,0.07,0.00,2012-12-05
721.88,721.88,721.88,721.88,-1.92,0.00,2012-12-06
722.28,722.28,722.28,722.28,-0.92,0.00,2012-12-09
735.37,735.37,735.37,735.37,1.53,0.00,2012-12-10
733.40,733.40,733.40,733.40,-0.26,0.00,2012-12-11
735.20,735.20,735.20,735.20,0.25,0.00,2012-12-12
741.69,741.69,741.69,741.69,0.88,0.00,2012-12-13
744.04,744.04,744.04,744.04,0.32,0.00,2012-12-16
747.08,747.08,747.08,747.08,0.24,0.00,2012-12-17
750.46,750.46,750.46,750.46,0.45,0.00,2012-12-18
746.88,746.88,746.88,746.88,-0.46,0.00,2012-12-19
746.60,746.60,746.60,746.60,-0.03,0.00,2012-12-20
739.20,739.20,739.20,739.20,-0.99,0.00,2012-12-23
739.81,739.81,739.81,739.81,0.08,0.00,2012-12-24
742.57,742.57,742.57,742.57,0.32,0.00,2012-12-26
750.43,750.43,750.43,750.43,0.89,0.00,2012-12-27
750.26,750.26,750.26,750.26,-0.02,0.00,2012-12-31
745.60,745.60,745.60,745.60,-0.62,0.00,2013-01-01
744.32,744.32,744.32,744.32,-0.22,0.00,2013-01-02
756.62,756.62,756.62,756.62,1.67,0.00,2013-01-03
759.38,759.38,759.38,759.38,0.05,0.00,2013-01-06
765.03,765.03,765.03,765.03,0.74,0.00,2013-01-07
778.88,778.88,778.88,778.88,1.76,0.00,2013-01-08
784.75,784.75,784.75,784.75,0.73,0.00,2013-01-09
804.97,804.97,804.97,804.97,2.58,0.00,2013-01-10
815.50,815.50,815.50,815.50,1.31,0.00,2013-01-13
825.82,825.82,825.82,825.82,1.10,0.00,2013-01-15
820.38,820.38,820.38,820.38,-0.66,0.00,2013-01-16
814.10,814.10,814.10,814.10,-0.68,0.00,2013-01-17
805.78,805.78,805.78,805.78,-0.04,0.00,2013-01-20
813.36,813.36,813.36,813.36,0.94,0.00,2013-01-21
814.37,814.37,814.37,814.37,0.12,0.00,2013-01-22
814.19,814.19,814.19,814.19,-0.04,0.00,2013-01-23
809.75,809.75,809.75,809.75,-0.54,0.00,2013-01-24
816.22,816.22,816.22,816.22,0.80,0.00,2013-01-27
815.82,815.82,815.82,815.82,-0.05,0.00,2013-01-28
814.09,814.09,814.09,814.09,-0.21,0.00,2013-01-30
815.24,815.24,815.24,815.24,0.14,0.00,2013-01-31
813.89,813.89,813.89,813.89,-0.17,0.00,2013-02-03
818.28,818.28,818.28,818.28,0.54,0.00,2013-02-04
816.36,816.36,816.36,816.36,-0.23,0.00,2013-02-05
816.20,816.20,816.20,816.20,-0.02,0.00,2013-02-06
816.03,816.03,816.03,816.03,-0.02,0.00,2013-02-07
823.93,823.93,823.93,823.93,0.81,0.00,2013-02-10
839.98,839.98,839.98,839.98,1.99,0.00,2013-02-12
844.51,844.51,844.51,844.51,0.53,0.00,2013-02-13
846.47,846.47,846.47,846.47,0.73,0.00,2013-02-14
873.78,873.78,873.78,873.78,2.93,0.00,2013-02-17
880.40,880.40,880.40,880.40,0.76,0.00,2013-02-19
864.92,864.92,864.92,864.92,-1.57,0.00,2013-02-20
875.67,875.67,875.67,875.67,1.24,0.00,2013-02-21
866.01,866.01,866.01,866.01,-1.10,0.00,2013-02-24
870.13,870.13,870.13,870.13,0.43,0.00,2013-02-25
870.08,870.08,870.08,870.08,-0.01,0.00,2013-02-26
865.22,865.22,865.22,865.22,-0.56,0.00,2013-02-27
876.22,876.22,876.22,876.22,1.32,0.00,2013-02-28
870.01,870.01,870.01,870.01,-0.71,0.00,2013-03-03
861.96,861.96,861.96,861.96,-0.92,0.00,2013-03-04
855.51,855.51,855.51,855.51,-0.75,0.00,2013-03-05
859.95,859.95,859.95,859.95,0.51,0.00,2013-03-06
863.00,863.00,863.00,863.00,0.35,0.00,2013-03-07
865.72,865.72,865.72,865.72,0.32,0.00,2013-03-11
879.30,879.30,879.30,879.30,1.57,0.00,2013-03-13
883.62,883.62,883.62,883.62,0.89,0.00,2013-03-14
877.23,877.23,877.23,877.23,-0.72,0.00,2013-03-17
867.39,867.39,867.39,867.39,-1.12,0.00,2013-03-18
870.20,870.20,870.20,870.20,0.32,0.00,2013-03-19
880.37,880.37,880.37,880.37,1.12,0.00,2013-03-20
881.02,881.02,881.02,881.02,-0.03,0.00,2013-03-21
867.84,867.84,867.84,867.84,-1.50,0.00,2013-03-24
870.12,870.12,870.12,870.12,0.26,0.00,2013-03-25
871.64,871.64,871.64,871.64,0.17,0.00,2013-03-27
869.22,869.22,869.22,869.22,-0.28,0.00,2013-03-28
864.68,864.68,864.68,864.68,-0.52,0.00,2013-03-31
871.09,871.09,871.09,871.09,0.74,0.00,2013-04-01
871.81,871.81,871.81,871.81,0.08,0.00,2013-04-02
874.58,874.58,874.58,874.58,0.32,0.00,2013-04-03
872.17,872.17,872.17,872.17,-0.29,0.00,2013-04-04
888.76,888.76,888.76,888.76,1.90,0.00,2013-04-07
896.63,896.63,896.63,896.63,0.83,0.00,2013-04-08
892.19,892.19,892.19,892.19,-0.49,0.00,2013-04-09
904.03,904.03,904.03,904.03,1.33,0.00,2013-04-11
903.10,903.10,903.10,903.10,-0.10,0.00,2013-04-15
888.68,888.68,888.68,888.68,-1.60,0.00,2013-04-16
905.29,905.29,905.29,905.29,1.81,0.00,2013-04-17
901.93,901.93,901.93,901.93,-0.37,0.00,2013-04-18
897.93,897.93,897.93,897.93,-0.44,0.00,2013-04-21
841.73,841.73,841.73,841.73,-6.26,0.00,2013-04-22
853.28,853.28,853.28,853.28,1.37,0.00,2013-04-23
847.13,847.13,847.13,847.13,-0.72,0.00,2013-04-25
841.17,841.17,841.17,841.17,-0.65,0.00,2013-04-28
828.55,828.55,828.55,828.55,-1.49,0.00,2013-04-29
827.55,827.55,827.55,827.55,-0.12,0.00,2013-04-30
807.30,807.30,807.30,807.30,-2.45,0.00,2013-05-02
801.06,801.06,801.06,801.06,-0.77,0.00,2013-05-05
791.13,791.13,791.13,791.13,-1.24,0.00,2013-05-06
791.48,791.48,791.48,791.48,0.04,0.00,2013-05-07
785.55,785.55,785.55,785.55,-0.74,0.00,2013-05-08
786.98,786.98,786.98,786.98,0.18,0.00,2013-05-09
786.51,786.51,786.51,786.51,-0.06,0.00,2013-05-12
803.55,803.55,803.55,803.55,2.17,0.00,2013-05-13
820.87,820.87,820.87,820.87,2.16,0.00,2013-05-14
837.77,837.77,837.77,837.77,2.06,0.00,2013-05-15
859.99,859.99,859.99,859.99,2.78,0.00,2013-05-16
860.08,860.08,860.08,860.08,0.01,0.00,2013-05-19
859.35,859.35,859.35,859.35,-0.08,0.00,2013-05-20
867.55,867.55,867.55,867.55,0.95,0.00,2013-05-21
870.40,870.40,870.40,870.40,0.33,0.00,2013-05-22
872.77,872.77,872.77,872.77,0.25,0.00,2013-05-23
878.95,878.95,878.95,878.95,0.70,0.00,2013-05-26
904.37,904.37,904.37,904.37,2.89,0.00,2013-05-27
904.41,904.41,904.41,904.41,0.00,0.00,2013-05-28
907.24,907.24,907.24,907.24,0.31,0.00,2013-05-30
907.24,907.24,907.24,907.24,0.31,0.00,2013-05-31
913.40,913.40,913.40,913.40,0.68,0.00,2013-06-02
905.45,905.45,905.45,905.45,-0.74,0.00,2013-06-03
897.57,897.57,897.57,897.57,-0.87,0.00,2013-06-04
888.73,888.73,888.73,888.73,-0.98,0.00,2013-06-05
890.39,890.39,890.39,890.39,0.19,0.00,2013-06-06
880.64,880.64,880.64,880.64,-0.98,0.00,2013-06-09
882.50,882.50,882.50,882.50,0.21,0.00,2013-06-10
886.52,886.52,886.52,886.52,0.46,0.00,2013-06-11
882.96,882.96,882.96,882.96,-0.40,0.00,2013-06-12
884.78,884.78,884.78,884.78,-0.25,0.00,2013-06-16
883.03,883.03,883.03,883.03,-0.19,0.00,2013-06-17
873.13,873.13,873.13,873.13,-1.12,0.00,2013-06-18
876.53,876.53,876.53,876.53,0.39,0.00,2013-06-19
879.46,879.46,879.46,879.46,0.33,0.00,2013-06-20
877.18,877.18,877.18,877.18,-0.32,0.00,2013-06-23
874.71,874.71,874.71,874.71,-0.28,0.00,2013-06-24
879.16,879.16,879.16,879.16,0.51,0.00,2013-06-25
880.38,880.38,880.38,880.38,0.17,0.00,2013-06-26
873.09,873.09,873.09,873.09,-0.82,0.00,2013-06-27
875.69,875.69,875.69,875.69,0.30,0.00,2013-06-30
878.49,878.49,878.49,878.49,0.32,0.00,2013-07-01
877.75,877.75,877.75,877.75,-0.08,0.00,2013-07-02
877.36,877.36,877.36,877.36,-0.04,0.00,2013-07-03
881.03,881.03,881.03,881.03,0.41,0.00,2013-07-04
888.08,888.08,888.08,888.08,0.80,0.00,2013-07-07
885.82,885.82,885.82,885.82,-0.25,0.00,2013-07-08
901.93,901.93,901.93,901.93,1.55,0.00,2013-07-09
919.93,919.93,919.93,919.93,2.00,0.00,2013-07-10
916.89,916.89,916.89,916.89,-0.33,0.00,2013-07-11
918.52,918.52,918.52,918.52,0.17,0.00,2013-07-14
936.75,936.75,936.75,936.75,1.99,0.00,2013-07-15
941.17,941.17,941.17,941.17,0.47,0.00,2013-07-16
951.22,951.22,951.22,951.22,1.07,0.00,2013-07-17
956.58,956.58,956.58,956.58,0.56,0.00,2013-07-18
992.96,992.96,992.96,992.96,3.80,0.00,2013-07-21
1007.29,1007.29,1007.29,1007.29,1.44,0.00,2013-07-22
1023.22,1023.22,1023.22,1023.22,1.58,0.00,2013-07-23
1031.65,1031.65,1031.65,1031.65,0.82,0.00,2013-07-24
1040.88,1040.88,1040.88,1040.88,0.89,0.00,2013-07-25
1101.57,1101.57,1101.57,1101.57,5.83,0.00,2013-07-28
1115.05,1115.05,1115.05,1115.05,1.22,0.00,2013-07-29
1131.47,1131.47,1131.47,1131.47,1.47,0.00,2013-07-30
1133.83,1133.83,1133.83,1133.83,0.21,0.00,2013-07-31
1119.06,1119.06,1119.06,1119.06,-1.30,0.00,2013-08-01
1104.35,1104.35,1104.35,1104.35,-1.31,0.00,2013-08-04
1075.40,1075.40,1075.40,1075.40,-2.62,0.00,2013-08-05
1094.54,1094.54,1094.54,1094.54,1.78,0.00,2013-08-06
1109.50,1109.50,1109.50,1109.50,1.37,0.00,2013-08-07
1117.86,1117.86,1117.86,1117.86,0.75,0.00,2013-08-08
1131.78,1131.78,1131.78,1131.78,1.25,0.00,2013-08-11
1153.32,1153.32,1153.32,1153.32,1.90,0.00,2013-08-12
1171.33,1171.33,1171.33,1171.33,1.56,0.00,2013-08-13
1171.13,1171.13,1171.13,1171.13,-0.01,0.00,2013-08-14
1177.03,1177.03,1177.03,1177.03,0.50,0.00,2013-08-15
1232.30,1232.30,1232.30,1232.30,4.70,0.00,2013-08-18
1218.44,1218.44,1218.44,1218.44,-1.12,0.00,2013-08-19
1221.23,1221.23,1221.23,1221.23,0.23,0.00,2013-08-20
1219.47,1219.47,1219.47,1219.47,-0.14,0.00,2013-08-25
1209.91,1209.91,1209.91,1209.91,-0.78,0.00,2013-08-26
1217.03,1217.03,1217.03,1217.03,0.59,0.00,2013-08-27
1214.69,1214.69,1214.69,1214.69,-0.19,0.00,2013-08-29
1230.53,1230.53,1230.53,1230.53,1.30,0.00,2013-09-01
1252.08,1252.08,1252.08,1252.08,1.75,0.00,2013-09-02
1256.03,1256.03,1256.03,1256.03,0.32,0.00,2013-09-03
1244.39,1244.39,1244.39,1244.39,-0.93,0.00,2013-09-04
1237.34,1237.34,1237.34,1237.34,-0.56,0.00,2013-09-05
1236.24,1236.24,1236.24,1236.24,-0.09,0.00,2013-09-08
1253.82,1253.82,1253.82,1253.82,1.45,0.00,2013-09-09
1254.84,1254.84,1254.84,1254.84,0.08,0.00,2013-09-10
1265.24,1265.24,1265.24,1265.24,0.82,0.00,2013-09-11
1272.09,1272.09,1272.09,1272.09,0.54,0.00,2013-09-12
1286.46,1286.46,1286.46,1286.46,1.13,0.00,2013-09-15
1314.31,1314.31,1314.31,1314.31,2.16,0.00,2013-09-16
1360.74,1360.74,1360.74,1360.74,3.53,0.00,2013-09-17
1346.57,1346.57,1346.57,1346.57,-1.04,0.00,2013-09-19
1322.41,1322.41,1322.41,1322.41,-1.79,0.00,2013-09-22
1301.72,1301.72,1301.72,1301.72,-1.56,0.00,2013-09-23
1309.91,1309.91,1309.91,1309.91,0.63,0.00,2013-09-24
1305.97,1305.97,1305.97,1305.97,-0.30,0.00,2013-09-25
1303.67,1303.67,1303.67,1303.67,-0.18,0.00,2013-09-26
1306.29,1306.29,1306.29,1306.29,0.20,0.00,2013-09-29
1302.39,1302.39,1302.39,1302.39,-0.26,0.00,2013-09-30
1308.49,1308.49,1308.49,1308.49,0.47,0.00,2013-10-01
1312.75,1312.75,1312.75,1312.75,0.32,0.00,2013-10-02
1311.11,1311.11,1311.11,1311.11,-0.12,0.00,2013-10-03
1310.99,1310.99,1310.99,1310.99,-0.01,0.00,2013-10-06
1320.12,1320.12,1320.12,1320.12,0.70,0.00,2013-10-07
1344.46,1344.46,1344.46,1344.46,1.84,0.00,2013-10-08
1337.99,1337.99,1337.99,1337.99,-0.48,0.00,2013-10-09
1342.11,1342.11,1342.11,1342.11,0.31,0.00,2013-10-10
1349.14,1349.14,1349.14,1349.14,0.52,0.00,2013-10-17
1358.90,1358.90,1358.90,1358.90,0.72,0.00,2013-10-20
1363.72,1363.72,1363.72,1363.72,0.35,0.00,2013-10-21
1375.38,1375.38,1375.38,1375.38,0.86,0.00,2013-10-22
1371.77,1371.77,1371.77,1371.77,-0.38,0.00,2013-10-23
1373.34,1373.34,1373.34,1373.34,0.11,0.00,2013-10-24
1366.78,1366.78,1366.78,1366.78,-0.47,0.00,2013-10-27
1366.80,1366.80,1366.80,1366.80,0.00,0.00,2013-10-28
1366.17,1366.17,1366.17,1366.17,-0.05,0.00,2013-10-29
1373.28,1373.28,1373.28,1373.28,0.52,0.00,2013-10-30
1399.27,1399.27,1399.27,1399.27,1.89,0.00,2013-10-31
1397.85,1397.85,1397.85,1397.85,-0.10,0.00,2013-11-06
1412.32,1412.32,1412.32,1412.32,1.04,0.00,2013-11-07
1434.90,1434.90,1434.90,1434.90,1.59,0.00,2013-11-10
1474.66,1474.66,1474.66,1474.66,2.77,0.00,2013-11-11
1490.58,1490.58,1490.58,1490.58,1.07,0.00,2013-11-12
1524.73,1524.73,1524.73,1524.73,2.29,0.00,2013-11-13
1530.62,1530.62,1530.62,1530.62,0.39,0.00,2013-11-14
1605.43,1605.43,1605.43,1605.43,5.13,0.00,2013-11-21
1717.40,1717.40,1717.40,1717.40,6.97,0.00,2013-11-24
1740.30,1740.30,1740.30,1740.30,1.33,0.00,2013-11-25
1785.94,1785.94,1785.94,1785.94,2.62,0.00,2013-11-26
1808.94,1808.94,1808.94,1808.94,1.29,0.00,2013-11-27
1861.85,1861.85,1861.85,1861.85,2.93,0.00,2013-11-28
1905.64,1905.64,1905.64,1905.64,2.35,0.00,2013-12-01
1960.31,1960.31,1960.31,1960.31,2.87,0.00,2013-12-02
1999.66,1999.66,1999.66,1999.66,2.01,0.00,2013-12-03
2042.32,2042.32,2042.32,2042.32,2.13,0.00,2013-12-04
2010.82,2010.82,2010.82,2010.82,-1.54,0.00,2013-12-05
1965.96,1965.96,1965.96,1965.96,-2.23,0.00,2013-12-08
1925.41,1925.41,1925.41,1925.41,-2.06,0.00,2013-12-09
1909.36,1909.36,1909.36,1909.36,-0.83,0.00,2013-12-10
1894.58,1894.58,1894.58,1894.58,-0.77,0.00,2013-12-11
1904.63,1904.63,1904.63,1904.63,0.53,0.00,2013-12-12
1914.69,1914.69,1914.69,1914.69,0.53,0.00,2013-12-15
1963.54,1963.54,1963.54,1963.54,2.36,0.00,2013-12-16
1997.51,1997.51,1997.51,1997.51,1.73,0.00,2013-12-18
2026.22,2026.22,2026.22,2026.22,1.43,0.00,2013-12-19
2057.33,2057.33,2057.33,2057.33,1.53,0.00,2013-12-22
2118.00,2118.00,2118.00,2118.00,2.95,0.00,2013-12-23
2128.03,2128.03,2128.03,2128.03,0.49,0.00,2013-12-24
2151.02,2151.02,2151.02,2151.02,1.08,0.00,2013-12-26
2079.83,2079.83,2079.83,2079.83,-3.31,0.00,2013-12-29
2078.83,2078.83,2078.83,2078.83,-0.04,0.00,2013-12-31
1997.73,1997.73,1997.73,1997.73,-3.90,0.00,2014-01-01
2041.54,2041.54,2041.54,2041.54,2.19,0.00,2014-01-02
2036.25,2036.25,2036.25,2036.25,-0.25,0.00,2014-01-05
2025.77,2025.77,2025.77,2025.77,-0.51,0.00,2014-01-06
2051.03,2051.03,2051.03,2051.03,1.25,0.00,2014-01-07
2118.67,2118.67,2118.67,2118.67,3.30,0.00,2014-01-08
2137.66,2137.66,2137.66,2137.66,0.90,0.00,2014-01-09
2171.58,2171.58,2171.58,2171.58,1.58,0.00,2014-01-12
2197.47,2197.47,2197.47,2197.47,1.19,0.00,2014-01-13
2225.99,2225.99,2225.99,2225.99,1.29,0.00,2014-01-14
2238.04,2238.04,2238.04,2238.04,0.54,0.00,2014-01-16
2225.58,2225.58,2225.58,2225.58,-0.55,0.00,2014-01-19
2206.29,2206.29,2206.29,2206.29,-0.86,0.00,2014-01-20
2194.10,2194.10,2194.10,2194.10,-0.55,0.00,2014-01-21
2194.51,2194.51,2194.51,2194.51,0.01,0.00,2014-01-22
2203.71,2203.71,2203.71,2203.71,0.42,0.00,2014-01-23
2201.25,2201.25,2201.25,2201.25,-0.11,0.00,2014-01-26
2202.24,2202.24,2202.24,2202.24,0.04,0.00,2014-01-27
2215.24,2215.24,2215.24,2215.24,0.59,0.00,2014-01-28
2224.00,2224.00,2224.00,2224.00,0.40,0.00,2014-01-29
2216.31,2216.31,2216.31,2216.31,-0.35,0.00,2014-02-02
2244.78,2244.78,2244.78,2244.78,1.28,0.00,2014-02-03
2245.06,2245.06,2245.06,2245.06,-0.08,0.00,2014-02-05
2283.54,2283.54,2283.54,2283.54,1.71,0.00,2014-02-06
2299.72,2299.72,2299.72,2299.72,0.71,0.00,2014-02-09
2376.17,2376.17,2376.17,2376.17,3.32,0.00,2014-02-10
2375.68,2375.68,2375.68,2375.68,-0.02,0.00,2014-02-11
2456.14,2456.14,2456.14,2456.14,3.38,0.00,2014-02-12
2487.81,2487.81,2487.81,2487.81,1.28,0.00,2014-02-13
2520.74,2520.74,2520.74,2520.74,1.32,0.00,2014-02-16
2600.98,2600.98,2600.98,2600.98,3.18,0.00,2014-02-17
2735.95,2735.95,2735.95,2735.95,5.18,0.00,2014-02-18
2846.27,2846.27,2846.27,2846.27,4.03,0.00,2014-02-20
2892.69,2892.69,2892.69,2892.69,1.63,0.00,2014-02-23
2789.36,2789.36,2789.36,2789.36,-3.57,0.00,2014-02-24
2752.95,2752.95,2752.95,2752.95,-1.31,0.00,2014-02-25
2728.88,2728.88,2728.88,2728.88,-0.87,0.00,2014-02-26
2708.04,2708.04,2708.04,2708.04,-0.76,0.00,2014-03-03
2646.57,2646.57,2646.57,2646.57,-2.27,0.00,2014-03-04
2706.22,2706.22,2706.22,2706.22,2.25,0.00,2014-03-05
2717.89,2717.89,2717.89,2717.89,0.43,0.00,2014-03-06
2677.53,2677.53,2677.53,2677.53,-1.48,0.00,2014-03-09
2677.33,2677.33,2677.33,2677.33,-0.01,0.00,2014-03-10
2639.93,2639.93,2639.93,2639.93,-1.40,0.00,2014-03-11
2645.55,2645.55,2645.55,2645.55,0.21,0.00,2014-03-12
2694.12,2694.12,2694.12,2694.12,1.83,0.00,2014-03-13
2631.11,2631.11,2631.11,2631.11,-2.34,0.00,2014-03-17
2600.14,2600.14,2600.14,2600.14,-1.18,0.00,2014-03-18
2612.95,2612.95,2612.95,2612.95,0.49,0.00,2014-03-19
2656.91,2656.91,2656.91,2656.91,1.68,0.00,2014-03-20
2643.60,2643.60,2643.60,2643.60,-0.54,0.00,2014-03-23
2682.72,2682.72,2682.72,2682.72,1.48,0.00,2014-03-24
2697.46,2697.46,2697.46,2697.46,0.55,0.00,2014-03-25
2703.95,2703.95,2703.95,2703.95,0.24,0.00,2014-03-26
2732.51,2732.51,2732.51,2732.51,1.06,0.00,2014-03-27
2862.83,2862.83,2862.83,2862.83,4.76,0.00,2014-03-31
2920.24,2920.24,2920.24,2920.24,2.01,0.00,2014-04-01
2910.21,2910.21,2910.21,2910.21,-0.34,0.00,2014-04-02
2875.95,2875.95,2875.95,2875.95,-1.18,0.00,2014-04-03
2902.08,2902.08,2902.08,2902.08,0.91,0.00,2014-04-06
2919.24,2919.24,2919.24,2919.24,0.59,0.00,2014-04-07
2989.51,2989.51,2989.51,2989.51,2.41,0.00,2014-04-09
3042.98,3042.98,3042.98,3042.98,1.79,0.00,2014-04-10
3089.15,3089.15,3089.15,3089.15,1.51,0.00,2014-04-13
3115.72,3115.72,3115.72,3115.72,0.86,0.00,2014-04-15
3085.45,3085.45,3085.45,3085.45,-0.97,0.00,2014-04-16
3140.48,3140.48,3140.48,3140.48,1.78,0.00,2014-04-17
3114.12,3114.12,3114.12,3114.12,-0.84,0.00,2014-04-20
3151.64,3151.64,3151.64,3151.64,1.20,0.00,2014-04-21
3276.57,3276.57,3276.57,3276.57,3.96,0.00,2014-04-22
3337.04,3337.04,3337.04,3337.04,1.85,0.00,2014-04-23
3370.24,3370.24,3370.24,3370.24,0.99,0.00,2014-04-27
3412.07,3412.07,3412.07,3412.07,0.77,0.00,2014-04-28
3444.88,3444.88,3444.88,3444.88,0.96,0.00,2014-04-29
3471.33,3471.33,3471.33,3471.33,0.77,0.00,2014-04-30
3609.27,3609.27,3609.27,3609.27,3.97,0.00,2014-05-04
3538.14,3538.14,3538.14,3538.14,-1.97,0.00,2014-05-05
3652.73,3652.73,3652.73,3652.73,3.23,0.00,2014-05-06
3799.38,3799.38,3799.38,3799.38,4.01,0.00,2014-05-07
3716.42,3716.42,3716.42,3716.42,-2.18,0.00,2014-05-08
3645.17,3645.17,3645.17,3645.17,-1.92,0.00,2014-05-11
3682.99,3682.99,3682.99,3682.99,1.03,0.00,2014-05-12
3661.16,3661.16,3661.16,3661.16,-0.59,0.00,2014-05-13
3639.25,3639.25,3639.25,3639.25,-0.59,0.00,2014-05-15
3622.08,3622.08,3622.08,3622.08,-0.47,0.00,2014-05-18
3569.53,3569.53,3569.53,3569.53,-1.45,0.00,2014-05-19
3552.78,3552.78,3552.78,3552.78,-0.46,0.00,2014-05-20
3568.99,3568.99,3568.99,3568.99,0.46,0.00,2014-05-21
3592.17,3592.17,3592.17,3592.17,0.65,0.00,2014-05-22
3566.40,3566.40,3566.40,3566.40,-0.72,0.00,2014-05-25
3582.79,3582.79,3582.79,3582.79,0.45,0.00,2014-05-26
3558.18,3558.18,3558.18,3558.18,-0.69,0.00,2014-05-27
3626.82,3626.82,3626.82,3626.82,1.93,0.00,2014-05-28
3562.98,3562.98,3562.98,3562.98,-1.76,0.00,2014-06-01
3619.69,3619.69,3619.69,3619.69,1.59,0.00,2014-06-02
3584.08,3584.08,3584.08,3584.08,-0.98,0.00,2014-06-03
3548.20,3548.20,3548.20,3548.20,-1.00,0.00,2014-06-04
3509.82,3509.82,3509.82,3509.82,-1.08,0.00,2014-06-05
3496.27,3496.27,3496.27,3496.27,-0.38,0.00,2014-06-08
3506.94,3506.94,3506.94,3506.94,0.31,0.00,2014-06-09
3516.56,3516.56,3516.56,3516.56,0.24,0.00,2014-06-10
3513.33,3513.33,3513.33,3513.33,-0.09,0.00,2014-06-11
3508.28,3508.28,3508.28,3508.28,-0.14,0.00,2014-06-12
3578.27,3578.27,3578.27,3578.27,1.94,0.00,2014-06-15
3621.69,3621.69,3621.69,3621.69,1.21,0.00,2014-06-16
3632.70,3632.70,3632.70,3632.70,0.30,0.00,2014-06-17
3692.59,3692.59,3692.59,3692.59,1.64,0.00,2014-06-18
3705.30,3705.30,3705.30,3705.30,0.34,0.00,2014-06-19
3703.49,3703.49,3703.49,3703.49,-0.05,0.00,2014-06-23
3753.22,3753.22,3753.22,3753.22,1.34,0.00,2014-06-24
3795.52,3795.52,3795.52,3795.52,1.15,0.00,2014-06-25
3840.83,3840.83,3840.83,3840.83,1.19,0.00,2014-06-26
3870.50,3870.50,3870.50,3870.50,0.77,0.00,2014-06-29
3917.23,3917.23,3917.23,3917.23,1.21,0.00,2014-06-30
4177.26,4177.26,4177.26,4177.26,6.32,0.00,2014-07-01
4357.94,4357.94,4357.94,4357.94,4.32,0.00,2014-07-02
4258.29,4258.29,4258.29,4258.29,-2.28,0.00,2014-07-03
4445.98,4445.98,4445.98,4445.98,4.41,0.00,2014-07-06
4513.19,4513.19,4513.19,4513.19,1.51,0.00,2014-07-07
4508.36,4508.36,4508.36,4508.36,-0.10,0.00,2014-07-08
4407.42,4407.42,4407.42,4407.42,-2.24,0.00,2014-07-09
4346.62,4346.62,4346.62,4346.62,-1.38,0.00,2014-07-10
4368.44,4368.44,4368.44,4368.44,0.08,0.00,2014-07-13
4320.90,4320.90,4320.90,4320.90,-1.08,0.00,2014-07-14
4339.91,4339.91,4339.91,4339.91,0.44,0.00,2014-07-15
4383.36,4383.36,4383.36,4383.36,1.00,0.00,2014-07-16
4401.90,4401.90,4401.90,4401.90,0.42,0.00,2014-07-17
4485.94,4485.94,4485.94,4485.94,1.91,0.00,2014-07-20
4507.26,4507.26,4507.26,4507.26,0.48,0.00,2014-07-21
4476.59,4476.59,4476.59,4476.59,-0.68,0.00,2014-07-22
4415.61,4415.61,4415.61,4415.61,-1.36,0.00,2014-07-23
4393.70,4393.70,4393.70,4393.70,-0.50,0.00,2014-07-24
4382.51,4382.51,4382.51,4382.51,-0.25,0.00,2014-07-27
4395.02,4395.02,4395.02,4395.02,0.29,0.00,2014-07-28
4328.68,4328.68,4328.68,4328.68,-1.51,0.00,2014-07-30
4371.31,4371.31,4371.31,4371.31,0.98,0.00,2014-07-31
4333.43,4333.43,4333.43,4333.43,-0.87,0.00,2014-08-03
4267.25,4267.25,4267.25,4267.25,-1.53,0.00,2014-08-04
4281.50,4281.50,4281.50,4281.50,0.33,0.00,2014-08-05
4294.35,4294.35,4294.35,4294.35,0.30,0.00,2014-08-06
4282.06,4282.06,4282.06,4282.06,-0.29,0.00,2014-08-07
4217.83,4217.83,4217.83,4217.83,-1.50,0.00,2014-08-12
4253.29,4253.29,4253.29,4253.29,0.84,0.00,2014-08-13
4344.40,4344.40,4344.40,4344.40,2.14,0.00,2014-08-14
4281.72,4281.72,4281.72,4281.72,-1.44,0.00,2014-08-18
4313.17,4313.17,4313.17,4313.17,0.73,0.00,2014-08-19
4227.38,4227.38,4227.38,4227.38,-1.98,0.00,2014-08-20
4116.23,4116.23,4116.23,4116.23,-2.63,0.00,2014-08-21
3947.79,3947.79,3947.79,3947.79,-4.09,0.00,2014-08-24
3683.05,3683.05,3683.05,3683.05,-6.71,0.00,2014-08-25
3594.99,3594.99,3594.99,3594.99,-2.39,0.00,2014-08-26
3843.96,3843.96,3843.96,3843.96,6.93,0.00,2014-08-27
3963.93,3963.93,3963.93,3963.93,3.12,0.00,2014-08-28
3867.65,3867.65,3867.65,3867.65,-2.43,0.00,2014-08-31
3798.01,3798.01,3798.01,3798.01,-1.80,0.00,2014-09-01
3673.08,3673.08,3673.08,3673.08,-3.29,0.00,2014-09-03
3629.57,3629.57,3629.57,3629.57,-1.18,0.00,2014-09-04
3467.60,3467.60,3467.60,3467.60,-4.46,0.00,2014-09-07
3603.23,3603.23,3603.23,3603.23,3.91,0.00,2014-09-09
3577.70,3577.70,3577.70,3577.70,-0.71,0.00,2014-09-10
3550.29,3550.29,3550.29,3550.29,0.77,0.00,2014-09-11
3541.53,3541.53,3541.53,3541.53,-0.25,0.00,2014-09-14
3627.27,3627.27,3627.27,3627.27,2.42,0.00,2014-09-15
3673.40,3673.40,3673.40,3673.40,1.27,0.00,2014-09-16
3643.27,3643.27,3643.27,3643.27,-0.82,0.00,2014-09-17
3595.62,3595.62,3595.62,3595.62,-1.31,0.00,2014-09-18
3534.53,3534.53,3534.53,3534.53,-1.70,0.00,2014-09-21
3502.20,3502.20,3502.20,3502.20,-0.91,0.00,2014-09-22
3589.19,3589.19,3589.19,3589.19,2.48,0.00,2014-09-23
3692.26,3692.26,3692.26,3692.26,2.87,0.00,2014-09-24
3801.27,3801.27,3801.27,3801.27,2.95,0.00,2014-09-28
3980.15,3980.15,3980.15,3980.15,4.71,0.00,2014-09-29
3954.94,3954.94,3954.94,3954.94,-0.63,0.00,2014-09-30
3855.65,3855.65,3855.65,3855.65,-2.51,0.00,2014-10-08
3866.93,3866.93,3866.93,3866.93,0.29,0.00,2014-10-09
3809.17,3809.17,3809.17,3809.17,-1.49,0.00,2014-10-12
3814.97,3814.97,3814.97,3814.97,0.15,0.00,2014-10-13
3824.68,3824.68,3824.68,3824.68,0.25,0.00,2014-10-14
3911.81,3911.81,3911.81,3911.81,2.28,0.00,2014-10-15
3944.15,3944.15,3944.15,3944.15,0.83,0.00,2014-10-16
3983.42,3983.42,3983.42,3983.42,1.00,0.00,2014-10-19
3984.56,3984.56,3984.56,3984.56,0.03,0.00,2014-10-20
3991.90,3991.90,3991.90,3991.90,0.18,0.00,2014-10-21
4068.05,4068.05,4068.05,4068.05,1.91,0.00,2014-10-22
4092.85,4092.85,4092.85,4092.85,0.61,0.00,2014-10-26
4194.17,4194.17,4194.17,4194.17,2.48,0.00,2014-10-27
4188.58,4188.58,4188.58,4188.58,-0.13,0.00,2014-10-28
4187.47,4187.47,4187.47,4187.47,-0.03,0.00,2014-10-30
4141.02,4141.02,4141.02,4141.02,-1.11,0.00,2014-11-02
4031.10,4031.10,4031.10,4031.10,-2.65,0.00,2014-11-03
3964.51,3964.51,3964.51,3964.51,-1.65,0.00,2014-11-04
4009.95,4009.95,4009.95,4009.95,1.15,0.00,2014-11-05
4009.04,4009.04,4009.04,4009.04,-0.02,0.00,2014-11-06
3957.12,3957.12,3957.12,3957.12,-1.30,0.00,2014-11-09
3906.51,3906.51,3906.51,3906.51,-1.28,0.00,2014-11-10
3945.86,3945.86,3945.86,3945.86,1.01,0.00,2014-11-11
3890.52,3890.52,3890.52,3890.52,-1.40,0.00,2014-11-12
3885.90,3885.90,3885.90,3885.90,-0.12,0.00,2014-11-13
3778.11,3778.11,3778.11,3778.11,-2.77,0.00,2014-11-16
3726.88,3726.88,3726.88,3726.88,-1.36,0.00,2014-11-17
3705.56,3705.56,3705.56,3705.56,-0.57,0.00,2014-11-18
3744.28,3744.28,3744.28,3744.28,1.04,0.00,2014-11-19
3793.12,3793.12,3793.12,3793.12,1.30,0.00,2014-11-20
3822.95,3822.95,3822.95,3822.95,0.79,0.00,2014-11-23
3799.40,3799.40,3799.40,3799.40,-0.62,0.00,2014-11-24
3759.31,3759.31,3759.31,3759.31,-1.06,0.00,2014-11-25
3727.66,3727.66,3727.66,3727.66,-0.90,0.00,2014-11-30
3673.81,3673.81,3673.81,3673.81,-1.44,0.00,2014-12-01
3664.30,3664.30,3664.30,3664.30,-0.26,0.00,2014-12-02
3664.92,3664.92,3664.92,3664.92,0.02,0.00,2014-12-03
3646.39,3646.39,3646.39,3646.39,-0.51,0.00,2014-12-04
3653.29,3653.29,3653.29,3653.29,0.19,0.00,2014-12-07
3631.32,3631.32,3631.32,3631.32,-0.60,0.00,2014-12-08
3578.93,3578.93,3578.93,3578.93,-0.72,0.00,2014-12-09
3613.05,3613.05,3613.05,3613.05,0.84,0.00,2014-12-10
3640.35,3640.35,3640.35,3640.35,0.76,0.00,2014-12-11
3756.19,3756.19,3756.19,3756.19,3.18,0.00,2014-12-14
3805.22,3805.22,3805.22,3805.22,1.31,0.00,2014-12-15
3753.71,3753.71,3753.71,3753.71,-1.35,0.00,2014-12-16
3725.69,3725.69,3725.69,3725.69,-0.75,0.00,2014-12-17
3754.96,3754.96,3754.96,3754.96,0.79,0.00,2014-12-18
3751.24,3751.24,3751.24,3751.24,-0.10,0.00,2014-12-21
3729.51,3729.51,3729.51,3729.51,-0.58,0.00,2014-12-22
3672.26,3672.26,3672.26,3672.26,-1.54,0.00,2014-12-23
3704.69,3704.69,3704.69,3704.69,0.88,0.00,2014-12-24
3759.11,3759.11,3759.11,3759.11,1.47,0.00,2014-12-28
3758.34,3758.34,3758.34,3758.34,-0.02,0.00,2014-12-29
3782.55,3782.55,3782.55,3782.55,0.64,0.00,2014-12-31
3792.47,3792.47,3792.47,3792.47,0.26,0.00,2015-01-01
3915.30,3915.30,3915.30,3915.30,3.24,0.00,2015-01-04
3925.56,3925.56,3925.56,3925.56,0.26,0.00,2015-01-05
3942.45,3942.45,3942.45,3942.45,0.43,0.00,2015-01-06
3987.80,3987.80,3987.80,3987.80,1.15,0.00,2015-01-07
4018.30,4018.30,4018.30,4018.30,0.76,0.00,2015-01-08
4058.35,4058.35,4058.35,4058.35,1.00,0.00,2015-01-11
4042.45,4042.45,4042.45,4042.45,-0.39,0.00,2015-01-12
4154.81,4154.81,4154.81,4154.81,2.78,0.00,2015-01-13
4139.48,4139.48,4139.48,4139.48,-0.37,0.00,2015-01-14
4158.10,4158.10,4158.10,4158.10,0.45,0.00,2015-01-18
4202.36,4202.36,4202.36,4202.36,1.06,0.00,2015-01-19
4136.60,4136.60,4136.60,4136.60,-1.56,0.00,2015-01-20
4142.27,4142.27,4142.27,4142.27,0.14,0.00,2015-01-22
4154.93,4154.93,4154.93,4154.93,0.31,0.00,2015-01-25
4151.76,4151.76,4151.76,4151.76,-0.08,0.00,2015-01-26
4140.40,4140.40,4140.40,4140.40,-0.27,0.00,2015-01-27
4171.24,4171.24,4171.24,4171.24,0.74,0.00,2015-01-28
4148.77,4148.77,4148.77,4148.77,-0.54,0.00,2015-01-29
4139.30,4139.30,4139.30,4139.30,-0.23,0.00,2015-02-01
4141.49,4141.49,4141.49,4141.49,0.05,0.00,2015-02-02
4125.04,4125.04,4125.04,4125.04,-0.40,0.00,2015-02-03
4118.59,4118.59,4118.59,4118.59,-0.16,0.00,2015-02-04
4121.49,4121.49,4121.49,4121.49,0.07,0.00,2015-02-05
4142.63,4142.63,4142.63,4142.63,0.51,0.00,2015-02-08
4150.09,4150.09,4150.09,4150.09,0.18,0.00,2015-02-09
4161.54,4161.54,4161.54,4161.54,0.28,0.00,2015-02-10
4168.27,4168.27,4168.27,4168.27,0.16,0.00,2015-02-11
4187.97,4187.97,4187.97,4187.97,0.47,0.00,2015-02-12
4287.45,4287.45,4287.45,4287.45,2.38,0.00,2015-02-15
4284.86,4284.86,4284.86,4284.86,-0.06,0.00,2015-02-16
4279.18,4279.18,4279.18,4279.18,-0.13,0.00,2015-02-18
4271.89,4271.89,4271.89,4271.89,-0.17,0.00,2015-02-22
4282.29,4282.29,4282.29,4282.29,0.24,0.00,2015-02-23
4267.26,4267.26,4267.26,4267.26,-0.35,0.00,2015-02-24
4272.10,4272.10,4272.10,4272.10,0.11,0.00,2015-02-25
4318.73,4318.73,4318.73,4318.73,1.09,0.00,2015-02-26
4330.53,4330.53,4330.53,4330.53,0.27,0.00,2015-03-01
4361.45,4361.45,4361.45,4361.45,0.71,0.00,2015-03-02
4315.42,4315.42,4315.42,4315.42,-1.06,0.00,2015-03-03
4324.45,4324.45,4324.45,4324.45,0.21,0.00,2015-03-04
4342.78,4342.78,4342.78,4342.78,0.42,0.00,2015-03-09
4306.84,4306.84,4306.84,4306.84,-0.83,0.00,2015-03-10
4285.99,4285.99,4285.99,4285.99,-0.48,0.00,2015-03-11
4212.15,4212.15,4212.15,4212.15,-1.72,0.00,2015-03-12
4137.07,4137.07,4137.07,4137.07,-1.78,0.00,2015-03-15
4116.25,4116.25,4116.25,4116.25,-0.50,0.00,2015-03-16
4123.88,4123.88,4123.88,4123.88,0.19,0.00,2015-03-17
4154.91,4154.91,4154.91,4154.91,0.75,0.00,2015-03-18
4154.00,4154.00,4154.00,4154.00,-0.02,0.00,2015-03-19
4109.30,4109.30,4109.30,4109.30,-1.08,0.00,2015-03-22
4051.69,4051.69,4051.69,4051.69,-1.40,0.00,2015-03-23
4024.38,4024.38,4024.38,4024.38,-0.67,0.00,2015-03-24
4054.37,4054.37,4054.37,4054.37,0.75,0.00,2015-03-25
4054.07,4054.07,4054.07,4054.07,-0.01,0.00,2015-03-26
4065.19,4065.19,4065.19,4065.19,0.27,0.00,2015-03-29
4023.59,4023.59,4023.59,4023.59,-1.02,0.00,2015-03-30
4037.92,4037.92,4037.92,4037.92,0.36,0.00,2015-03-31
4001.62,4001.62,4001.62,4001.62,-0.90,0.00,2015-04-01
4001.88,4001.88,4001.88,4001.88,0.01,0.00,2015-04-02
3981.74,3981.74,3981.74,3981.74,-0.50,0.00,2015-04-05
3997.39,3997.39,3997.39,3997.39,0.39,0.00,2015-04-06
3973.48,3973.48,3973.48,3973.48,-0.60,0.00,2015-04-07
3945.64,3945.64,3945.64,3945.64,-0.70,0.00,2015-04-08
3952.96,3952.96,3952.96,3952.96,0.19,0.00,2015-04-09
3966.03,3966.03,3966.03,3966.03,0.33,0.00,2015-04-12
3961.13,3961.13,3961.13,3961.13,-0.12,0.00,2015-04-13
3921.39,3921.39,3921.39,3921.39,-1.00,0.00,2015-04-15
3928.31,3928.31,3928.31,3928.31,0.18,0.00,2015-04-16
3906.55,3906.55,3906.55,3906.55,-0.55,0.00,2015-04-19
3884.77,3884.77,3884.77,3884.77,-0.56,0.00,2015-04-20
3840.76,3840.76,3840.76,3840.76,-1.13,0.00,2015-04-21
3819.84,3819.84,3819.84,3819.84,-0.54,0.00,2015-04-22
3780.25,3780.25,3780.25,3780.25,-1.04,0.00,2015-04-23
3642.11,3642.11,3642.11,3642.11,-3.65,0.00,2015-05-24
3600.23,3600.23,3600.23,3600.23,-1.15,0.00,2015-05-25
3588.03,3588.03,3588.03,3588.03,-0.34,0.00,2015-05-26
3501.54,3501.54,3501.54,3501.54,-2.41,0.00,2015-05-27
3493.31,3493.31,3493.31,3493.31,-0.24,0.00,2015-05-28
3559.82,3559.82,3559.82,3559.82,1.90,0.00,2015-05-31
3604.30,3604.30,3604.30,3604.30,1.25,0.00,2015-06-01
3774.81,3774.81,3774.81,3774.81,4.73,0.00,2015-06-02
3929.99,3929.99,3929.99,3929.99,4.11,0.00,2015-06-03
3933.63,3933.63,3933.63,3933.63,0.09,0.00,2015-06-04
3939.54,3939.54,3939.54,3939.54,0.15,0.00,2015-06-07
3946.75,3946.75,3946.75,3946.75,0.18,0.00,2015-06-08
3984.34,3984.34,3984.34,3984.34,0.95,0.00,2015-06-09
3929.26,3929.26,3929.26,3929.26,-1.38,0.00,2015-06-10
3861.85,3861.85,3861.85,3861.85,-1.72,0.00,2015-06-11
3794.52,3794.52,3794.52,3794.52,-1.74,0.00,2015-06-14
3829.31,3829.31,3829.31,3829.31,0.92,0.00,2015-06-15
3833.23,3833.23,3833.23,3833.23,0.10,0.00,2015-06-16
3824.15,3824.15,3824.15,3824.15,-0.24,0.00,2015-06-17
3806.04,3806.04,3806.04,3806.04,-0.47,0.00,2015-06-18
3780.06,3780.06,3780.06,3780.06,-0.68,0.00,2015-06-21
3802.91,3802.91,3802.91,3802.91,0.60,0.00,2015-06-22
3877.85,3877.85,3877.85,3877.85,1.97,0.00,2015-06-23
3893.95,3893.95,3893.95,3893.95,0.42,0.00,2015-06-24
3903.21,3903.21,3903.21,3903.21,0.24,0.00,2015-06-25
4033.25,4033.25,4033.25,4033.25,3.33,0.00,2015-06-28
4180.07,4180.07,4180.07,4180.07,3.64,0.00,2015-06-29
4205.79,4205.79,4205.79,4205.79,0.62,0.00,2015-06-30
4203.90,4203.90,4203.90,4203.90,-0.04,0.00,2015-07-01
4160.86,4160.86,4160.86,4160.86,-1.02,0.00,2015-07-02
4160.24,4160.24,4160.24,4160.24,-0.01,0.00,2015-07-05
4123.80,4123.80,4123.80,4123.80,-0.88,0.00,2015-07-06
4130.00,4130.00,4130.00,4130.00,0.15,0.00,2015-07-07
4139.34,4139.34,4139.34,4139.34,0.23,0.00,2015-07-08
4133.33,4133.33,4133.33,4133.33,-0.15,0.00,2015-07-09
4136.48,4136.48,4136.48,4136.48,0.08,0.00,2015-07-12
4127.19,4127.19,4127.19,4127.19,-0.22,0.00,2015-07-13
4126.79,4126.79,4126.79,4126.79,-0.01,0.00,2015-07-14
4147.41,4147.41,4147.41,4147.41,0.50,0.00,2015-07-15
4154.19,4154.19,4154.19,4154.19,0.16,0.00,2015-07-16
4146.05,4146.05,4146.05,4146.05,-0.20,0.00,2015-07-22
4217.17,4217.17,4217.17,4217.17,1.72,0.00,2015-07-23
4417.51,4417.51,4417.51,4417.51,4.75,0.00,2015-07-26
4252.91,4252.91,4252.91,4252.91,-3.73,0.00,2015-07-27
4245.72,4245.72,4245.72,4245.72,-0.17,0.00,2015-07-28
4226.24,4226.24,4226.24,4226.24,-0.46,0.00,2015-07-29
4254.87,4254.87,4254.87,4254.87,0.68,0.00,2015-07-30
4263.34,4263.34,4263.34,4263.34,0.20,0.00,2015-08-02
4273.86,4273.86,4273.86,4273.86,-0.09,0.00,2015-08-03
4310.52,4310.52,4310.52,4310.52,0.86,0.00,2015-08-04
4441.23,4441.23,4441.23,4441.23,3.03,0.00,2015-08-05
4479.21,4479.21,4479.21,4479.21,0.86,0.00,2015-08-06
4536.88,4536.88,4536.88,4536.88,1.29,0.00,2015-08-09
4604.01,4604.01,4604.01,4604.01,1.48,0.00,2015-08-10
4591.94,4591.94,4591.94,4591.94,-0.26,0.00,2015-08-11
4603.78,4603.78,4603.78,4603.78,0.26,0.00,2015-08-12
4609.67,4609.67,4609.67,4609.67,0.49,0.00,2015-08-13
4608.18,4608.18,4608.18,4608.18,-0.03,0.00,2015-08-16
4636.27,4636.27,4636.27,4636.27,0.61,0.00,2015-08-17
4637.90,4637.90,4637.90,4637.90,0.04,0.00,2015-08-18
4737.38,4737.38,4737.38,4737.38,2.14,0.00,2015-08-19
4749.08,4749.08,4749.08,4749.08,0.25,0.00,2015-08-20
4758.21,4758.21,4758.21,4758.21,0.19,0.00,2015-08-23
4889.85,4889.85,4889.85,4889.85,2.77,0.00,2015-08-24
4885.38,4885.38,4885.38,4885.38,-0.09,0.00,2015-08-25
4948.47,4948.47,4948.47,4948.47,1.29,0.00,2015-08-26
5179.93,5179.93,5179.93,5179.93,4.68,0.00,2015-08-27
5564.67,5564.67,5564.67,5564.67,7.43,0.00,2015-08-31
5502.02,5502.02,5502.02,5502.02,-1.18,0.00,2015-09-01
5326.35,5326.35,5326.35,5326.35,-3.19,0.00,2015-09-02
5189.38,5189.38,5189.38,5189.38,-2.57,0.00,2015-09-03
5205.38,5205.38,5205.38,5205.38,0.31,0.00,2015-09-06
5202.32,5202.32,5202.32,5202.32,-0.06,0.00,2015-09-07
5234.22,5234.22,5234.22,5234.22,0.61,0.00,2015-09-08
5174.37,5174.37,5174.37,5174.37,-1.14,0.00,2015-09-09
5083.31,5083.31,5083.31,5083.31,-1.76,0.00,2015-09-10
5184.96,5184.96,5184.96,5184.96,2.00,0.00,2015-09-13
5192.55,5192.55,5192.55,5192.55,0.15,0.00,2015-09-14
5236.29,5236.29,5236.29,5236.29,0.84,0.00,2015-09-15
5192.74,5192.74,5192.74,5192.74,-0.83,0.00,2015-09-16
5151.42,5151.42,5151.42,5151.42,-0.80,0.00,2015-09-17
4973.91,4973.91,4973.91,4973.91,-3.45,0.00,2015-09-22
5075.83,5075.83,5075.83,5075.83,2.05,0.00,2015-09-23
5035.81,5035.81,5035.81,5035.81,-0.79,0.00,2015-09-24
4935.34,4935.34,4935.34,4935.34,-2.00,0.00,2015-09-28
4962.51,4962.51,4962.51,4962.51,0.55,0.00,2015-09-29
4990.69,4990.69,4990.69,4990.69,0.57,0.00,2015-09-30
4943.10,4943.10,4943.10,4943.10,-0.95,0.00,2015-10-01
4978.75,4978.75,4978.75,4978.75,0.72,0.00,2015-10-04
4951.43,4951.43,4951.43,4951.43,-0.55,0.00,2015-10-05
4905.99,4905.99,4905.99,4905.99,-0.92,0.00,2015-10-06
4914.59,4914.59,4914.59,4914.59,1.64,0.00,2015-10-08
4855.06,4855.06,4855.06,4855.06,-1.21,0.00,2015-10-11
4792.74,4792.74,4792.74,4792.74,-0.08,0.00,2015-10-15
4750.01,4750.01,4750.01,4750.01,-0.89,0.00,2015-10-18
4744.88,4744.88,4744.88,4744.88,-0.97,0.00,2015-10-25
4654.18,4654.18,4654.18,4654.18,-1.91,0.00,2015-10-27
4594.12,4594.12,4594.12,4594.12,-1.29,0.00,2015-10-28
4597.42,4597.42,4597.42,4597.42,0.07,0.00,2015-10-29
4541.61,4541.61,4541.61,4541.61,-1.21,0.00,2015-11-01
4542.28,4542.28,4542.28,4542.28,-0.76,0.00,2015-11-03
4547.96,4547.96,4547.96,4547.96,-0.88,0.00,2015-11-05
4528.47,4528.47,4528.47,4528.47,-19.49,0.00,2015-11-08
4624.96,4624.96,4624.96,4624.96,2.13,0.00,2015-11-09
4660.79,4660.79,4660.79,4660.79,0.77,0.00,2015-11-10
4632.61,4632.61,4632.61,4632.61,-0.60,0.00,2015-11-15
4597.90,4597.90,4597.90,4597.90,-0.75,0.00,2015-11-16
4610.60,4610.60,4610.60,4610.60,0.28,0.00,2015-11-18
4587.86,4587.86,4587.86,4587.86,-0.49,0.00,2015-11-19
4457.75,4457.75,4457.75,4457.75,-2.84,0.00,2015-11-22
4438.17,4438.17,4438.17,4438.17,-0.44,0.00,2015-11-23
4390.07,4390.07,4390.07,4390.07,-0.36,0.00,2015-11-25
4326.05,4326.05,4326.05,4326.05,-1.46,0.00,2015-11-26
4270.20,4270.20,4270.20,4270.20,1.04,0.00,2015-11-30
4404.90,4404.90,4404.90,4404.90,-0.81,0.00,2015-12-02
4475.14,4475.14,4475.14,4475.14,1.59,0.00,2015-12-03
4650.34,4650.34,4650.34,4650.34,3.91,0.00,2015-12-06
4680.79,4680.79,4680.79,4680.79,0.65,0.00,2015-12-07
4737.87,4737.87,4737.87,4737.87,1.02,0.00,2015-12-09
4756.88,4756.88,4756.88,4756.88,0.40,0.00,2015-12-10
4802.79,4802.79,4802.79,4802.79,0.97,0.00,2015-12-13
4922.54,4922.54,4922.54,4922.54,2.49,0.00,2015-12-14
5153.03,5153.03,5153.03,5153.03,4.68,0.00,2015-12-15
5104.05,5104.05,5104.05,5104.05,-0.95,0.00,2015-12-16
4993.57,4993.57,4993.57,4993.57,-2.16,0.00,2015-12-17
4952.30,4952.30,4952.30,4952.30,-0.83,0.00,2015-12-20
5015.06,5015.06,5015.06,5015.06,1.30,0.00,2015-12-21
5069.23,5069.23,5069.23,5069.23,1.08,0.00,2015-12-22
5067.14,5067.14,5067.14,5067.14,-0.04,0.00,2015-12-23
5150.63,5150.63,5150.63,5150.63,1.65,0.00,2015-12-24
5126.66,5126.66,5126.66,5126.66,-0.47,0.00,2015-12-27
5114.13,5114.13,5114.13,5114.13,-0.24,0.00,2015-12-28
5189.43,5189.43,5189.43,5189.43,1.47,0.00,2015-12-29
5318.30,5318.30,5318.30,5318.30,2.48,0.00,2015-12-31
5527.01,5527.01,5527.01,5527.01,-0.48,0.00,2016-01-04
5354.17,5354.17,5354.17,5354.17,-3.13,0.00,2016-01-05
5303.87,5303.87,5303.87,5303.87,-0.94,0.00,2016-01-06
5357.64,5357.64,5357.64,5357.64,1.01,0.00,2016-01-07
5327.16,5327.16,5327.16,5327.16,-0.57,0.00,2016-01-10
5332.90,5332.90,5332.90,5332.90,0.11,0.00,2016-01-11
5316.59,5316.59,5316.59,5316.59,-0.31,0.00,2016-01-12
5402.26,5402.26,5402.26,5402.26,1.61,0.00,2016-01-13
5375.74,5375.74,5375.74,5375.74,-0.49,0.00,2016-01-14
5503.72,5503.72,5503.72,5503.72,2.38,0.00,2016-01-17
5454.82,5454.82,5454.82,5454.82,-0.89,0.00,2016-01-18
5457.85,5457.85,5457.85,5457.85,0.06,0.00,2016-01-19
5437.76,5437.76,5437.76,5437.76,0.26,0.00,2016-01-21
5450.01,5450.01,5450.01,5450.01,0.23,0.00,2016-01-24
5452.77,5452.77,5452.77,5452.77,0.05,0.00,2016-01-25
5430.01,5430.01,5430.01,5430.01,-0.42,0.00,2016-01-26
5409.16,5409.16,5409.16,5409.16,-0.25,0.00,2016-01-28
5419.56,5419.56,5419.56,5419.56,0.19,0.00,2016-01-31
5454.81,5454.81,5454.81,5454.81,0.65,0.00,2016-02-01
5427.70,5427.70,5427.70,5427.70,-0.45,0.00,2016-02-03
5466.46,5466.46,5466.46,5466.46,0.71,0.00,2016-02-04
5515.26,5515.26,5515.26,5515.26,0.89,0.00,2016-02-07
5570.29,5570.29,5570.29,5570.29,1.00,0.00,2016-02-08
5567.66,5567.66,5567.66,5567.66,-0.05,0.00,2016-02-11
5535.79,5535.79,5535.79,5535.79,-0.57,0.00,2016-02-14
5515.40,5515.40,5515.40,5515.40,-0.37,0.00,2016-02-15
5539.28,5539.28,5539.28,5539.28,0.43,0.00,2016-02-16
5567.44,5567.44,5567.44,5567.44,0.51,0.00,2016-02-17
5562.21,5562.21,5562.21,5562.21,-0.09,0.00,2016-02-18
5548.22,5548.22,5548.22,5548.22,-0.25,0.00,2016-02-21
5557.56,5557.56,5557.56,5557.56,0.17,0.00,2016-02-22
5516.41,5516.41,5516.41,5516.41,-0.74,0.00,2016-02-23
5518.07,5518.07,5518.07,5518.07,0.03,0.00,2016-02-24
5514.67,5514.67,5514.67,5514.67,-0.06,0.00,2016-02-25
5470.70,5470.70,5470.70,5470.70,-0.80,0.00,2016-02-28
5483.00,5483.00,5483.00,5483.00,0.22,0.00,2016-02-29
5494.62,5494.62,5494.62,5494.62,0.21,0.00,2016-03-01
5536.04,5536.04,5536.04,5536.04,0.75,0.00,2016-03-02
5588.71,5588.71,5588.71,5588.71,0.95,0.00,2016-03-03
5707.57,5707.57,5707.57,5707.57,2.13,0.00,2016-03-06
5893.52,5893.52,5893.52,5893.52,3.26,0.00,2016-03-10
5951.90,5951.90,5951.90,5951.90,0.99,0.00,2016-03-13
5863.95,5863.95,5863.95,5863.95,1.48,0.00,2016-03-14
5935.68,5935.68,5935.68,5935.68,1.22,0.00,2016-03-15
5970.49,5970.49,5970.49,5970.49,0.59,0.00,2016-03-16
6151.51,6151.51,6151.51,6151.51,3.03,0.00,2016-03-17
6467.46,6467.46,6467.46,6467.46,5.14,0.00,2016-03-20
6439.87,6439.87,6439.87,6439.87,-0.43,0.00,2016-03-21
6379.77,6379.77,6379.77,6379.77,-0.93,0.00,2016-03-23
6336.45,6336.45,6336.45,6336.45,-0.68,0.00,2016-03-24
6337.23,6337.23,6337.23,6337.23,0.01,0.00,2016-03-27
6312.88,6312.88,6312.88,6312.88,-0.38,0.00,2016-03-28
6288.79,6288.79,6288.79,6288.79,-0.38,0.00,2016-03-29
6171.65,6171.65,6171.65,6171.65,-1.86,0.00,2016-03-30
6073.06,6073.06,6073.06,6073.06,-1.60,0.00,2016-03-31
6019.63,6019.63,6019.63,6019.63,-0.88,0.00,2016-04-03
6111.80,6111.80,6111.80,6111.80,1.53,0.00,2016-04-04
6097.97,6097.97,6097.97,6097.97,-0.23,0.00,2016-04-05
6137.19,6137.19,6137.19,6137.19,0.64,0.00,2016-04-06
6091.04,6091.04,6091.04,6091.04,-0.75,0.00,2016-04-10
6074.50,6074.50,6074.50,6074.50,-0.27,0.00,2016-04-11
6085.06,6085.06,6085.06,6085.06,0.17,0.00,2016-04-12
6143.62,6143.62,6143.62,6143.62,0.96,0.00,2016-04-14
6204.82,6204.82,6204.82,6204.82,1.00,0.00,2016-04-17
6328.22,6328.22,6328.22,6328.22,1.99,0.00,2016-04-18
6318.22,6318.22,6318.22,6318.22,-0.16,0.00,2016-04-19
6294.87,6294.87,6294.87,6294.87,-0.37,0.00,2016-04-20
6353.93,6353.93,6353.93,6353.93,0.94,0.00,2016-04-21
6373.01,6373.01,6373.01,6373.01,0.30,0.00,2016-04-24
6396.72,6396.72,6396.72,6396.72,0.37,0.00,2016-04-25
6381.33,6381.33,6381.33,6381.33,-0.24,0.00,2016-04-26
6429.57,6429.57,6429.57,6429.57,0.76,0.00,2016-04-27
6541.41,6541.41,6541.41,6541.41,1.74,0.00,2016-04-28
6642.29,6642.29,6642.29,6642.29,1.54,0.00,2016-05-02
6581.73,6581.73,6581.73,6581.73,-0.91,0.00,2016-05-03
6579.81,6579.81,6579.81,6579.81,-0.03,0.00,2016-05-04
6569.46,6569.46,6569.46,6569.46,-0.16,0.00,2016-05-05
6627.15,6627.15,6627.15,6627.15,0.88,0.00,2016-05-08
6709.21,6709.21,6709.21,6709.21,1.24,0.00,2016-05-09
6900.31,6900.31,6900.31,6900.31,2.85,0.00,2016-05-10
7049.64,7049.64,7049.64,7049.64,0.83,0.00,2016-05-12
7016.08,7016.08,7016.08,7016.08,-0.48,0.00,2016-05-15
6911.31,6911.31,6911.31,6911.31,-1.49,0.00,2016-05-16
7026.87,7026.87,7026.87,7026.87,1.67,0.00,2016-05-17
7136.39,7136.39,7136.39,7136.39,1.56,0.00,2016-05-18
7170.31,7170.31,7170.31,7170.31,0.48,0.00,2016-05-19
7507.13,7507.13,7507.13,7507.13,4.70,0.00,2016-05-22
7768.16,7768.16,7768.16,7768.16,3.48,0.00,2016-05-23
7809.66,7809.66,7809.66,7809.66,0.53,0.00,2016-05-24
7674.49,7674.49,7674.49,7674.49,-1.73,0.00,2016-05-25
7733.09,7733.09,7733.09,7733.09,0.76,0.00,2016-05-26
7771.34,7771.34,7771.34,7771.34,0.49,543491.00,2016-05-29
7764.69,7764.69,7764.69,7764.69,-0.09,364142016.00,2016-05-30
7742.62,7742.62,7742.62,7742.62,-0.28,301500992.00,2016-05-31
7642.50,7642.50,7642.50,7642.50,-1.29,192451008.00,2016-06-01
7626.88,7626.88,7626.88,7626.88,-0.20,193172000.00,2016-06-02
7407.41,7407.41,7407.41,7407.41,-2.88,280004000.00,2016-06-05
7407.41,7582.76,7456.18,7582.76,2.37,224444992.00,2016-06-06
7582.76,7696.76,7574.16,7671.69,1.17,251318000.00,2016-06-07
7671.69,8078.81,7663.25,8058.89,5.05,662811008.00,2016-06-08
8654.32,8654.32,8654.32,8654.32,7.39,1081740032.00,2016-06-09
8654.32,8802.79,8550.99,8685.02,0.35,655128000.00,2016-06-12
8635.78,8635.78,8635.78,8635.78,-0.57,391208000.00,2016-06-13
8748.31,8748.31,8748.31,8748.31,1.30,405824000.00,2016-06-14
9015.35,9015.35,9015.35,9015.35,3.05,679692032.00,2016-06-15
9345.88,9345.88,9345.88,9345.88,3.67,1119239936.00,2016-06-16
9345.88,9396.12,9110.97,9190.86,-1.66,730041984.00,2016-06-19
9345.88,9213.66,9010.46,9062.52,-1.40,499313984.00,2016-06-20
9236.22,9236.22,9236.22,9236.22,1.92,531721984.00,2016-06-21
9236.22,9440.20,9238.72,9440.20,2.21,838561024.00,2016-06-22
9509.89,9509.89,9509.89,9509.89,0.74,910572032.00,2016-06-23
9509.89,9547.51,9439.72,9479.61,-0.32,489180992.00,2016-06-26
9479.61,9508.20,9382.34,9384.04,-1.01,373756992.00,2016-06-27
9384.04,9435.47,9281.85,9421.79,0.40,494065984.00,2016-06-28
9421.79,9517.74,9426.37,9484.44,0.67,410542016.00,2016-06-29
9484.44,9784.74,9450.74,9553.11,0.72,569163008.00,2016-06-30
9553.11,9569.40,9300.43,9329.16,-2.34,442076992.00,2016-07-03
9553.11,9331.73,9213.85,9250.36,-0.84,301420992.00,2016-07-04
9250.36,9264.96,9133.09,9174.85,-0.82,285348992.00,2016-07-05
9174.85,9257.97,9126.18,9137.43,-0.41,292753984.00,2016-07-06
9089.27,9089.27,9089.27,9089.27,-0.53,362646016.00,2016-07-10
9089.27,9093.69,8867.20,8871.75,-2.39,272334016.00,2016-07-11
8871.75,8888.38,8477.77,8774.54,-1.10,284692992.00,2016-07-12
8774.54,8782.21,8568.87,8684.96,-1.02,19962.00,2016-07-13
8684.96,8796.48,8684.16,8722.40,0.43,212575008.00,2016-07-14
8684.96,8757.22,8629.62,8674.22,-0.55,179534000.00,2016-07-17
8674.22,9297.52,8589.60,9292.64,7.13,434646016.00,2016-07-18
9292.64,9419.17,9042.33,9052.45,-2.58,410347008.00,2016-07-19
9052.45,9056.86,8923.65,8926.53,-1.39,347964000.00,2016-07-20
8926.53,9134.53,8926.53,9052.09,1.41,254651008.00,2016-07-21
9136.01,9136.01,9136.01,9136.01,0.93,398452000.00,2016-07-25
9136.01,9217.35,9129.91,9167.61,0.35,0.00,2016-07-26
9167.61,9195.71,9110.96,9144.50,-0.25,311587008.00,2016-07-27
9144.50,9230.02,9097.23,9148.15,0.04,251332992.00,2016-07-28
9148.15,9170.02,9077.42,9102.78,-0.50,266454000.00,2016-07-31
9112.60,9121.91,8992.39,9038.62,-0.70,207214000.00,2016-08-01
9038.62,9041.74,8890.23,8892.34,-1.62,180547008.00,2016-08-02
8892.34,8909.58,8717.55,8858.52,-0.38,291006016.00,2016-08-03
8559.02,8559.02,8559.02,8559.02,-3.38,250142000.00,2016-08-04
8559.02,8777.37,8482.85,8500.62,-0.68,215000992.00,2016-08-07
8500.62,8510.31,7962.78,7962.78,-6.33,153640992.00,2016-08-08
8474.17,8474.17,8474.17,8474.17,6.42,38214300.00,2016-08-09
8485.12,8654.64,8423.42,8654.64,2.13,406308992.00,2016-08-10
8654.64,8686.32,8505.40,8592.25,-0.72,154212000.00,2016-08-11
8592.25,8685.94,8318.40,8359.03,-2.71,153011008.00,2016-08-14
8124.75,8124.75,8124.75,8124.75,-2.80,206067008.00,2016-08-15
8124.75,8335.25,8103.08,8296.86,2.12,238799008.00,2016-08-16
8296.86,8462.49,8271.41,8400.08,1.24,267023008.00,2016-08-17
8318.79,8318.79,8318.79,8318.79,-0.97,160004000.00,2016-08-21
8318.79,8321.78,8088.18,8097.19,-2.66,165472000.00,2016-08-22
8097.19,8238.97,7998.00,8057.80,-0.49,152732992.00,2016-08-23
8057.80,8672.02,8062.06,8614.42,6.91,410726016.00,2016-08-24
8614.42,8828.21,8574.00,8671.68,0.66,492204992.00,2016-08-28
8671.68,8750.22,8645.55,8727.57,0.64,517660992.00,2016-08-29
8742.83,8742.83,8742.83,8742.83,0.17,320588992.00,2016-08-30
8742.83,8919.29,8719.29,8868.97,1.44,361448992.00,2016-08-31
8868.97,8882.92,8785.98,8844.52,-0.28,234247008.00,2016-09-01
8844.52,8867.25,8792.39,8862.59,0.20,148791008.00,2016-09-04
8862.59,8928.96,8853.74,8862.21,0.00,173362000.00,2016-09-05
8862.21,8969.98,8800.42,8814.79,-0.54,260044992.00,2016-09-06
8814.79,8963.28,8804.86,8909.12,1.07,471185984.00,2016-09-07
8909.12,8974.02,8905.84,8945.35,0.41,463406016.00,2016-09-08
8945.35,8982.40,8920.71,8923.31,-0.25,252495008.00,2016-09-11
8923.31,8978.72,8912.12,8972.88,0.56,284999008.00,2016-09-12
9063.13,9063.13,9063.13,9063.13,1.01,330580000.00,2016-09-14
9063.13,9103.50,8955.41,8975.66,-0.97,211734000.00,2016-09-18
8975.66,9020.26,8921.80,9011.01,0.39,253831008.00,2016-09-20
9011.01,9013.22,8887.41,8976.68,-0.38,213531008.00,2016-09-21
9011.01,9006.47,8881.00,8983.37,0.07,282780992.00,2016-09-22
8983.37,9004.64,8714.45,8735.66,-2.76,205658000.00,2016-09-25
8822.86,8822.86,8822.86,8822.86,1.00,181272992.00,2016-09-26
8799.60,8799.60,8799.60,8799.60,-0.26,127102000.00,2016-09-27
8799.87,8817.78,8702.91,8721.29,-0.89,220444992.00,2016-09-28
8721.29,8743.05,8663.44,8701.47,-0.23,173343008.00,2016-09-29
8701.74,8938.48,8692.42,8938.48,2.72,240288992.00,2016-10-02
8938.80,9078.36,8931.04,9073.93,1.52,243308000.00,2016-10-03
9074.25,9362.92,9074.25,9305.76,2.55,454832000.00,2016-10-04
9287.05,9387.41,9282.86,9351.12,0.69,319956000.00,2016-10-06
9287.05,9388.93,9218.73,9269.66,-0.87,137780000.00,2016-10-16
9269.66,9275.48,9120.76,9207.65,-0.67,176947008.00,2016-10-17
9216.60,9216.60,9216.60,9216.60,0.10,99885800.00,2016-10-18
9216.60,9231.39,9158.39,9159.47,-0.62,139126000.00,2016-10-19
9159.47,9292.24,9155.16,9287.22,1.39,198580992.00,2016-10-20
9287.22,9315.79,9254.96,9275.07,-0.13,322912992.00,2016-10-23
9275.07,9295.68,9190.71,9236.51,-0.42,287651008.00,2016-10-24
9236.51,9240.20,9093.17,9103.05,-1.45,168496992.00,2016-10-25
9103.05,9211.58,9040.46,9208.13,1.15,212532000.00,2016-10-26
9208.13,9218.24,9159.06,9166.90,-0.45,126286000.00,2016-10-27
9166.90,9184.85,9101.79,9135.69,-0.34,112496000.00,2016-11-03
9135.69,9163.80,9072.14,9086.46,-0.54,183524992.00,2016-11-07
9086.46,9084.49,8930.87,8956.77,-1.43,167347008.00,2016-11-08
8957.09,8982.26,8782.57,8797.91,-1.77,178130000.00,2016-11-09
8797.91,8887.03,8708.32,8761.49,-0.41,163454000.00,2016-11-10
8761.49,8910.50,8742.55,8800.37,0.44,113270000.00,2016-11-13
8800.37,8846.44,8800.22,8843.62,0.49,238098000.00,2016-11-14
8843.62,8899.22,8796.18,8820.56,-0.26,168656000.00,2016-11-15
8820.56,8983.71,8841.60,8883.14,0.71,365462016.00,2016-11-16
8883.14,8882.37,8617.47,8641.19,-2.72,359776992.00,2016-11-17
8641.19,8630.83,8080.42,8240.52,-4.64,388711008.00,2016-11-20
8240.52,8321.15,8076.53,8229.79,-0.13,265318000.00,2016-11-21
8229.79,8232.49,8094.13,8105.64,-1.51,223418000.00,2016-11-22
8105.64,8109.91,7728.21,7740.00,-4.51,311897984.00,2016-11-23
7740.00,7922.44,7358.73,7493.05,-3.19,276084992.00,2016-11-24
7493.05,7492.47,6913.78,6930.11,-7.51,257726000.00,2016-11-27
6930.11,7202.32,6465.09,7065.01,1.95,349793984.00,2016-11-28
7065.01,7416.24,6753.95,7413.13,4.93,365903008.00,2016-11-29
7413.13,7739.22,7352.48,7739.22,4.40,392263008.00,2016-11-30
7739.22,7884.32,7640.95,7702.33,-0.48,389795008.00,2016-12-01
7702.33,7705.81,7427.77,7427.77,-3.56,196762000.00,2016-12-04
7427.77,7433.18,7246.14,7254.39,-2.33,137079008.00,2016-12-05
7254.39,7455.87,7211.24,7432.37,2.45,217739008.00,2016-12-06
7432.37,7471.15,7352.47,7410.80,-0.29,144392000.00,2016-12-07
7410.80,7436.51,7280.56,7365.63,-0.61,260515008.00,2016-12-08
7365.63,7414.99,7211.34,7218.13,-2.00,103104000.00,2016-12-11
7218.13,7218.13,7021.43,7150.49,-0.94,124842000.00,2016-12-12
7150.49,7210.15,7049.21,7210.15,0.83,108761000.00,2016-12-14
7210.15,7331.47,7192.58,7302.38,1.28,115081000.00,2016-12-15
7302.38,7375.29,7219.91,7375.29,1.00,108326000.00,2016-12-18
7375.29,7388.53,7261.92,7271.80,-1.40,83417104.00,2016-12-19
7271.80,7271.80,7153.81,7160.45,-1.53,63192400.00,2016-12-20
7160.45,7164.39,6981.77,6981.77,-2.50,121797000.00,2016-12-21
6981.77,7046.94,6967.82,6972.29,-0.14,114185000.00,2016-12-22
6972.29,7000.61,6656.60,6661.28,-4.46,124614000.00,2016-12-26
6661.28,6658.92,6430.71,6469.65,-2.88,185247008.00,2016-12-27
6469.65,6589.21,6418.18,6499.36,0.46,131900000.00,2016-12-28
6499.36,6990.90,6493.03,6786.04,4.41,225174000.00,2016-12-29
6786.04,6904.09,6757.57,6813.71,0.41,162204992.00,2017-01-01
6813.71,6880.92,6746.02,6842.16,0.42,126030000.00,2017-01-02
6842.16,6848.15,6625.20,6625.20,-3.17,103413000.00,2017-01-03
6625.20,6760.77,6581.44,6711.64,1.30,85310800.00,2017-01-04
6711.64,6742.54,6642.47,6670.30,-0.62,71358704.00,2017-01-05
6670.30,6676.29,6630.86,6659.13,-0.17,66860600.00,2017-01-08
6659.13,6811.76,6660.92,6806.96,2.22,76354304.00,2017-01-09
6806.96,6991.82,6800.11,6975.80,2.48,142836992.00,2017-01-10
6975.80,7021.59,6893.78,6925.57,-0.72,80248200.00,2017-01-11
6925.57,6984.70,6918.86,6934.80,0.13,66132400.00,2017-01-12
6934.80,6936.99,6868.38,6890.28,-0.64,61758000.00,2017-01-15
6890.28,6894.95,6751.79,6760.25,-1.89,41773000.00,2017-01-16
6760.25,6780.53,6688.48,6737.48,-0.34,59996700.00,2017-01-17
6737.48,6805.01,6724.36,6804.19,0.99,49320800.00,2017-01-18
6804.19,6863.11,6804.19,6856.43,0.77,63871200.00,2017-01-19
6856.43,6907.05,6841.20,6859.57,0.05,46621400.00,2017-01-22
6859.57,6874.65,6784.92,6793.44,-0.96,68327000.00,2017-01-23
6793.44,6804.53,6642.70,6652.70,-2.07,59879800.00,2017-01-24
6652.70,6648.42,6368.97,6385.29,-4.02,114336000.00,2017-01-25
6385.29,6399.86,6168.33,6283.79,-1.59,103313000.00,2017-01-26
6283.79,6294.10,5731.43,5737.24,-8.70,125121000.00,2017-01-30
5737.24,5887.79,5595.06,5708.82,-0.50,132831000.00,2017-01-31
5708.82,6084.82,5709.69,6084.82,6.59,85296400.00,2017-02-01
6084.82,6238.34,5994.12,6058.55,-0.43,124766000.00,2017-02-02
6058.55,6061.70,5905.14,5932.00,-2.09,41313200.00,2017-02-05
5932.00,5917.61,5756.63,5807.70,-2.10,38788400.00,2017-02-06
5807.70,5816.56,5745.24,5784.14,-0.41,64789600.00,2017-02-07
5784.14,5775.41,5596.19,5605.05,-3.10,70176304.00,2017-02-08
5605.05,5609.69,5380.87,5380.87,-4.00,103704000.00,2017-02-09
5380.87,5388.04,5033.20,5034.73,-6.43,99292896.00,2017-02-12
5034.73,5228.79,4838.97,5227.62,3.83,87247400.00,2017-02-13
5227.62,5234.86,5103.96,5134.13,-1.79,70473504.00,2017-02-14
5134.13,5522.58,5137.20,5519.59,7.51,159118000.00,2017-02-15
5519.59,5824.30,5471.73,5809.86,5.26,187096992.00,2017-02-16
5809.86,6117.46,5633.06,6105.83,5.09,222002000.00,2017-02-19
6105.83,6383.88,6004.20,6141.95,0.59,344537984.00,2017-02-20
6141.95,6307.86,5937.38,6003.87,-2.25,210256000.00,2017-02-21
6003.87,6047.01,5879.43,5891.18,-1.88,107377000.00,2017-02-22
5891.18,5928.72,5821.32,5855.35,-0.61,52299600.00,2017-02-23
5855.35,5860.19,5686.49,5686.49,-2.88,52923300.00,2017-02-26
5686.49,5683.85,5532.80,5572.42,-2.01,95808304.00,2017-02-28
5572.42,5791.12,5600.92,5787.13,3.85,109428000.00,2017-03-01
5787.13,5884.55,5804.55,5882.26,1.64,100473000.00,2017-03-02
5882.26,6179.56,5883.32,6108.46,3.85,200004000.00,2017-03-05
6108.46,6239.35,6072.98,6104.94,-0.06,194531008.00,2017-03-06
6104.94,6090.72,5945.65,6030.37,-1.22,130460000.00,2017-03-07
6030.37,6146.61,6028.61,6089.62,0.98,124970000.00,2017-03-09
6089.62,6254.35,6092.00,6198.70,1.79,102077000.00,2017-03-13
6198.70,6276.56,6179.17,6193.04,-0.09,97954896.00,2017-03-14
6193.04,6277.46,6122.98,6230.21,0.60,106339000.00,2017-03-15
6230.21,6282.10,6226.51,6263.21,0.53,137327008.00,2017-03-16
6263.21,6635.08,6261.89,6630.70,5.87,232791008.00,2017-03-19
6630.70,7197.53,6633.47,7197.53,8.55,511855008.00,2017-03-20
7197.53,7342.05,6990.46,7305.93,1.51,646806976.00,2017-03-21
7305.93,7454.20,7185.82,7217.31,-1.21,338172000.00,2017-03-22
7217.31,7294.15,7088.28,7226.90,0.13,235272000.00,2017-03-23
7226.90,7541.13,7221.45,7430.27,2.81,349112992.00,2017-03-26
7430.27,7933.38,7430.27,7933.38,6.77,312128000.00,2017-03-28
7933.38,8143.41,7778.04,7780.62,-1.93,502711008.00,2017-03-29
7781.06,8001.44,7696.57,7850.99,0.90,316401984.00,2017-03-30
7850.99,8584.36,7854.67,8584.36,9.34,310400000.00,2017-04-02
8584.36,9027.59,8536.29,8652.01,0.79,1039609984.00,2017-04-03
8652.01,8804.59,8412.34,8663.24,0.13,638140992.00,2017-04-04
8663.24,8784.59,8575.11,8679.16,0.18,525775008.00,2017-04-06
8679.16,8790.30,8624.13,8641.98,-0.43,389088992.00,2017-04-09
8641.98,8850.99,8648.70,8843.48,2.33,507032992.00,2017-04-10
8843.48,8987.83,8853.28,8945.36,1.15,546649024.00,2017-04-11
8945.36,9159.30,8804.52,8804.52,-1.57,652529024.00,2017-04-12
8804.52,8922.47,8614.97,8869.00,0.73,495110016.00,2017-04-13
8869.00,8966.90,8542.43,8546.16,-3.64,452404992.00,2017-04-16
8546.16,8550.20,8263.46,8361.69,-2.16,542686016.00,2017-04-18
8361.69,8654.36,8359.93,8654.36,3.50,415462016.00,2017-04-19
8654.36,8851.36,8649.21,8688.07,0.39,486737984.00,2017-04-20
8688.07,9200.96,8692.90,9007.00,3.67,578313024.00,2017-04-23
9007.00,9098.82,8887.20,8923.26,-0.93,342516000.00,2017-04-24
8923.26,9075.11,8923.26,8974.99,0.58,451776000.00,2017-04-25
8974.99,9103.69,8970.03,8981.06,0.07,273019008.00,2017-04-26
8981.06,9111.86,8899.44,9050.86,0.78,473347008.00,2017-04-27
9050.86,9049.41,8856.13,8882.94,-1.86,286572992.00,2017-04-30
8882.94,9076.83,8845.92,8961.96,0.89,265252992.00,2017-05-02
8961.96,9085.71,8963.71,8978.50,0.18,218226000.00,2017-05-03
8978.50,8985.69,8869.86,8884.82,-1.04,196051008.00,2017-05-04
8884.82,8948.83,8750.73,8772.52,-1.26,174160000.00,2017-05-07
8772.52,8898.05,8736.48,8810.69,0.44,129642000.00,2017-05-08
8810.69,8886.68,8802.29,8876.70,0.75,156284992.00,2017-05-09
8876.70,8934.66,8861.31,8922.16,0.51,178622000.00,2017-05-11
8922.16,9054.12,8923.56,8930.81,0.10,168048000.00,2017-05-15
8930.81,8942.10,8881.78,8884.74,-0.52,130991000.00,2017-05-16
8884.74,8905.40,8837.18,8858.14,-0.30,227964992.00,2017-05-17
8858.14,8889.48,8827.29,8887.33,0.33,312412000.00,2017-05-18
8887.33,8934.36,8775.01,8782.46,-1.18,269144000.00,2017-05-21
8782.46,8785.84,8713.42,8717.10,-0.74,149530000.00,2017-05-22
8717.10,8796.70,8693.92,8738.02,0.24,198200992.00,2017-05-23
8738.02,8785.16,8651.99,8758.75,0.24,179896000.00,2017-05-24
8758.75,8775.08,8618.67,8624.45,-1.53,154996992.00,2017-05-28
8624.45,8631.65,8472.16,8503.95,-1.40,206751008.00,2017-05-30
8503.95,8639.59,8383.91,8625.36,1.43,179212992.00,2017-05-31
8625.36,8671.99,8579.26,8614.87,-0.12,152764992.00,2017-06-01
8614.87,8623.65,8495.39,8519.81,-1.10,145140000.00,2017-06-04
8519.81,8596.27,8505.90,8534.91,0.18,132196000.00,2017-06-05
8534.91,8756.66,8550.70,8707.48,2.02,232436000.00,2017-06-06
8707.48,8763.28,8589.58,8591.70,-1.33,171474000.00,2017-06-07
8591.70,8607.00,8524.15,8551.90,-0.46,136178000.00,2017-06-08
8551.90,8583.76,8401.60,8413.57,-1.62,204819008.00,2017-06-11
8413.57,8421.23,8326.01,8332.51,-0.96,128925000.00,2017-06-12
8332.51,8397.76,8296.71,8347.20,0.18,101903000.00,2017-06-13
8347.20,8392.77,8326.24,8366.37,0.23,183511008.00,2017-06-14
8366.37,8465.11,8321.78,8377.71,0.14,151932000.00,2017-06-15
8377.71,8446.06,8347.14,8362.97,-0.18,213152000.00,2017-06-18
8362.97,8371.68,8205.57,8220.08,-1.71,296409984.00,2017-06-19
8220.08,8270.75,8162.89,8190.70,-0.36,119638000.00,2017-06-20
8190.70,8249.38,8176.52,8222.73,0.39,111301000.00,2017-06-21
8222.73,8277.27,8186.26,8188.98,-0.41,138831008.00,2017-06-22
8188.98,8234.21,8161.25,8180.29,-0.11,191378000.00,2017-06-25
8180.29,8207.19,8156.63,8185.71,0.07,182376992.00,2017-06-27
8185.71,8199.46,8141.59,8196.62,0.13,160786000.00,2017-06-28
8196.62,8181.66,8057.46,8066.96,-1.58,176039008.00,2017-07-02
8066.96,8119.16,8031.70,8059.67,-0.09,108575000.00,2017-07-03
8059.67,8059.67,8013.27,8026.31,-0.41,88899200.00,2017-07-04
8026.31,8076.54,7975.32,8076.37,0.62,127064000.00,2017-07-05
8076.37,8400.06,8076.37,8396.27,3.96,180228992.00,2017-07-06
8396.27,8552.90,8192.37,8375.09,-0.25,303819008.00,2017-07-09
8375.09,8381.21,8255.34,8315.46,-0.71,159087008.00,2017-07-10
8315.46,8385.18,8296.94,8376.25,0.73,153472000.00,2017-07-11
8376.25,8425.13,8348.32,8403.96,0.33,119443000.00,2017-07-12
8403.96,8435.43,8330.90,8350.29,-0.64,153052992.00,2017-07-13
8350.29,8375.13,8336.58,8351.77,0.02,100837000.00,2017-07-16
8351.77,8462.31,8339.59,8447.12,1.14,142284000.00,2017-07-17
8447.12,8863.75,8431.39,8863.75,4.93,385903008.00,2017-07-18
8863.75,9059.00,8841.13,8915.71,0.59,474867008.00,2017-07-19
8915.71,9015.30,8910.24,8993.11,0.87,389545984.00,2017-07-20
8993.11,9294.78,9011.43,9268.55,3.06,528855008.00,2017-07-23
9268.55,9369.93,9260.82,9369.25,1.09,483000000.00,2017-07-24
9369.25,9526.68,9339.01,9526.57,1.68,389531008.00,2017-07-25
9526.57,9838.42,9526.57,9836.46,3.25,634030976.00,2017-07-26
9836.46,9899.96,9660.77,9675.93,-1.63,535436000.00,2017-07-27
9675.93,9676.93,9538.05,9594.05,-0.85,392735008.00,2017-07-30
9594.05,9724.80,9583.11,9588.84,-0.05,319630016.00,2017-07-31
9588.84,9646.96,9544.94,9547.22,-0.43,194991008.00,2017-08-01
9547.22,9604.57,9489.04,9497.70,-0.52,177290000.00,2017-08-02
9497.70,9542.22,9436.05,9452.40,-0.48,197391008.00,2017-08-03
9452.40,9455.84,9344.65,9402.13,-0.53,168136992.00,2017-08-06
9402.13,9420.01,9347.26,9405.52,0.04,188286000.00,2017-08-07
9405.52,9522.87,9402.73,9414.23,0.09,225780000.00,2017-08-09
9414.23,9451.74,9347.18,9397.48,-0.18,232294000.00,2017-08-10
9397.48,9450.19,9287.54,9293.11,-1.11,174612000.00,2017-08-13
9293.11,9303.92,9196.09,9204.35,-0.96,134940000.00,2017-08-15
9204.35,9303.29,9166.81,9280.13,0.82,142084992.00,2017-08-16
9280.13,9291.29,9193.18,9241.98,-0.41,169763008.00,2017-08-17
9241.98,9283.47,9195.76,9202.24,-0.43,152076992.00,2017-08-20
9202.24,9219.60,9124.29,9126.29,-0.83,186476000.00,2017-08-21
9126.29,9264.94,9099.58,9134.44,0.09,205092992.00,2017-08-22
9134.44,9168.79,9117.14,9139.04,0.05,145180992.00,2017-08-23
9139.04,9200.34,9128.43,9187.67,0.53,148228000.00,2017-08-24
9187.67,9223.59,9146.57,9153.48,-0.37,157327008.00,2017-08-27
9153.48,9169.21,9078.43,9108.10,-0.50,180911008.00,2017-08-28
9108.10,9115.33,8990.36,9001.84,-1.17,174192000.00,2017-08-30
9001.84,9001.98,8816.59,8854.74,-1.63,154743008.00,2017-08-31
8854.74,8885.70,8714.35,8718.01,-1.54,189348992.00,2017-09-04
8718.01,8853.63,8713.87,8773.26,0.63,145602000.00,2017-09-06
8773.26,8821.31,8653.73,8658.40,-1.31,110589000.00,2017-09-07
8658.40,8665.39,8350.63,8361.69,-3.43,159995008.00,2017-09-10
8361.69,8476.42,8297.92,8442.94,0.97,128252000.00,2017-09-11
8442.94,8444.72,8250.80,8257.84,-2.19,153450000.00,2017-09-12
8257.84,8399.83,8204.42,8266.75,0.11,160951008.00,2017-09-13
8266.75,8515.83,8241.22,8515.83,3.01,135172992.00,2017-09-14
8515.83,8634.67,8444.87,8558.97,0.51,158840000.00,2017-09-17
8558.97,8580.04,8467.39,8479.37,-0.93,77825600.00,2017-09-18
8479.37,8501.26,8448.81,8458.25,-0.25,74961600.00,2017-09-20
8458.25,8495.73,8451.02,8468.39,0.12,21299100.00,2017-09-24
8468.39,8484.19,8448.28,8480.59,0.14,52781300.00,2017-09-25
8480.59,8504.66,8465.49,8484.36,0.04,67644200.00,2017-09-26
8484.36,8503.73,8476.91,8493.58,0.11,13111600.00,2017-10-03
8493.58,8497.18,8429.81,8458.35,-0.41,57837400.00,2017-10-04
8458.35,8458.35,8129.31,8265.23,-2.28,80929400.00,2017-10-08
8265.23,8280.06,8187.69,8217.96,-0.57,69754800.00,2017-10-09
8217.96,8256.62,8198.41,8208.97,-0.11,57272700.00,2017-10-10
8208.97,8283.63,8195.45,8269.05,0.73,47709500.00,2017-10-11
8269.05,8275.22,8225.91,8247.25,-0.26,55273000.00,2017-10-12
8247.25,8310.52,8203.81,8273.30,0.32,42946400.00,2017-10-15
8273.30,8551.39,8273.30,8538.05,3.20,97609904.00,2017-10-16
8538.05,8608.10,8473.39,8496.88,-0.48,147475008.00,2017-10-17
8496.88,8594.36,8448.01,8594.36,1.15,83833800.00,2017-10-18
8594.36,8666.13,8573.63,8583.25,-0.13,49593900.00,2017-10-22
8583.25,8626.02,8529.55,8533.06,-0.58,107353000.00,2017-10-23
8533.06,8564.24,8526.63,8554.96,0.26,71902200.00,2017-10-24
8554.96,8577.92,8495.49,8518.23,-0.43,88896096.00,2017-10-25
8518.23,8518.23,8430.56,8459.64,-0.69,61417800.00,2017-10-29
8459.64,8477.16,8410.49,8427.86,-0.38,92964704.00,2017-10-30
8427.86,8489.73,8376.04,8431.91,0.05,106920000.00,2017-10-31
8431.91,8436.20,8360.17,8382.21,-0.59,92741400.00,2017-11-01
8382.21,8452.46,8371.72,8392.73,0.13,83074400.00,2017-11-02
8392.73,8400.70,8154.88,8235.67,-1.87,125849000.00,2017-11-05
8235.67,8273.63,8130.40,8183.74,-0.63,96012600.00,2017-11-06
8183.74,8249.25,8127.68,8134.01,-0.61,85172800.00,2017-11-07
8134.01,8134.74,7942.70,7998.96,-1.66,100236000.00,2017-11-08
7998.96,8145.96,7899.94,7974.51,-0.31,95894000.00,2017-11-09
7974.51,8097.38,7955.78,8093.22,1.49,58023100.00,2017-11-12
8093.22,8230.17,8075.02,8108.12,0.18,106786000.00,2017-11-13
8108.12,8259.31,8078.69,8220.85,1.39,143515008.00,2017-11-14
8220.85,8229.43,8112.08,8117.02,-1.26,131111000.00,2017-11-15
8117.02,8149.36,8032.99,8047.69,-0.85,123350000.00,2017-11-16
8047.69,8074.55,7912.49,7913.36,-1.67,68217504.00,2017-11-19
7913.36,7939.56,7865.43,7884.11,-0.37,67698600.00,2017-11-20
7884.11,7966.43,7868.52,7899.06,0.19,71651600.00,2017-11-21
7884.11,7956.38,7892.39,7954.78,0.71,52389000.00,2017-11-22
7954.78,8002.69,7950.78,7981.09,0.33,88019800.00,2017-11-23
7981.09,8094.15,7978.42,8063.21,1.03,95820496.00,2017-11-26
8063.21,8105.25,8021.66,8030.68,-0.40,117736000.00,2017-11-27
8030.68,8059.33,8001.32,8016.60,-0.18,98545296.00,2017-11-28
8016.60,8247.75,8016.60,8116.84,1.25,193386000.00,2017-11-29
8116.84,8174.52,8094.32,8137.21,0.25,211899008.00,2017-11-30
8137.21,8166.19,8032.62,8032.62,-1.29,121958000.00,2017-12-04
8032.62,8060.02,8006.49,8060.02,0.34,113513000.00,2017-12-05
8060.02,8128.65,8060.71,8128.65,0.85,208916992.00,2017-12-06
8128.65,8232.95,8047.53,8055.83,-0.90,111895000.00,2017-12-10
8055.83,8062.30,7994.70,8029.10,-0.33,53119600.00,2017-12-11
8029.10,8041.32,7862.93,7862.93,-2.07,112301000.00,2017-12-12
7862.93,7941.82,7818.74,7915.41,0.67,63831200.00,2017-12-13
7915.41,7931.82,7862.57,7894.84,-0.26,87015696.00,2017-12-14
7894.84,7899.21,7806.74,7806.77,-1.12,82370600.00,2017-12-17
7806.77,7830.25,7777.17,7781.21,-0.33,113027000.00,2017-12-18
7781.21,7797.20,7719.74,7721.54,-0.77,75863600.00,2017-12-19
7721.54,7724.16,7658.72,7678.05,-0.56,72916400.00,2017-12-20
7678.05,7675.43,7587.76,7600.44,-1.01,70591904.00,2017-12-21
7600.44,7674.82,7559.53,7575.33,-0.33,85807504.00,2017-12-24
7575.33,7584.07,7433.67,7436.52,-1.83,89222704.00,2017-12-26
7436.52,7440.01,7298.97,7299.61,-1.84,110878000.00,2017-12-27
7299.61,7357.33,7211.80,7296.13,-0.05,84999000.00,2017-12-28
7296.13,7299.20,7158.77,7212.23,-1.15,73437904.00,2017-12-31
7212.23,7488.47,7227.96,7483.03,3.75,106941000.00,2018-01-01
7483.03,7515.72,7401.44,7421.69,-0.82,117545000.00,2018-01-02
7421.69,7437.44,7275.25,7286.87,-1.82,79749800.00,2018-01-03
7286.87,7314.37,7271.17,7305.14,0.25,73954600.00,2018-01-04
7305.14,7494.37,7290.83,7471.01,2.27,97447800.00,2018-01-07
7471.01,7599.94,7471.01,7593.17,1.64,148476000.00,2018-01-08
7593.17,7663.02,7594.05,7627.45,0.45,130921000.00,2018-01-09
7627.45,7633.81,7457.63,7457.63,-2.23,96846096.00,2018-01-10
7457.63,7456.87,7359.84,7359.84,-1.31,60284000.00,2018-01-14
7359.84,7429.37,7245.29,7271.24,-1.20,83771400.00,2018-01-16
7271.24,7289.64,7199.92,7270.44,-0.01,66738800.00,2018-01-17
7270.44,7293.45,7193.15,7194.45,-1.05,84440704.00,2018-01-21
7194.45,7198.65,7159.25,7175.80,-0.26,64701900.00,2018-01-22
7175.80,7178.41,7085.00,7088.15,-1.22,56935900.00,2018-01-23
7088.15,7106.85,7056.02,7104.28,0.23,37819500.00,2018-01-24
7104.28,7193.30,7092.65,7193.30,1.25,55267800.00,2018-01-25
7193.30,7221.09,7162.56,7180.81,-0.17,64603300.00,2018-01-28
7180.81,7188.56,7135.03,7180.16,-0.01,62719900.00,2018-01-29
7180.16,7212.08,7140.25,7211.50,0.44,71469600.00,2018-01-31
7211.50,7255.51,7200.90,7227.54,0.22,46282400.00,2018-02-01
7211.50,7261.66,7185.02,7191.56,-0.50,52797700.00,2018-02-04
7211.50,7199.71,7106.75,7106.75,-1.18,46699700.00,2018-02-05
7106.75,7132.87,7063.07,7076.57,-0.42,27959800.00,2018-02-06
7076.57,7102.70,6987.33,6993.52,-1.17,36939500.00,2018-02-07
6993.52,7071.09,6963.48,7066.46,1.04,47116100.00,2018-02-08
7066.46,7104.10,7022.18,7026.24,-0.57,35679600.00,2018-02-11
7026.24,7033.92,6929.50,6953.17,-1.04,43699700.00,2018-02-12
6953.17,7087.67,6943.49,7074.69,1.75,44609300.00,2018-02-14
7074.69,7314.72,7074.69,7288.64,3.02,142856000.00,2018-02-15
7288.64,7362.92,7176.46,7181.16,-1.47,120003000.00,2018-02-18
7181.16,7259.37,7070.60,7070.60,-1.54,60648300.00,2018-02-20
7070.60,7070.60,7012.13,7033.62,-0.52,52895200.00,2018-02-21
7033.62,7076.44,6998.96,6998.96,-0.49,81664400.00,2018-02-22
6998.96,7084.66,6946.71,6953.69,-0.65,76178000.00,2018-02-25
6953.69,7015.53,6809.96,6831.19,-1.76,181724992.00,2018-02-26
6831.19,6964.86,6809.79,6828.57,-0.04,141728000.00,2018-02-27
6828.57,6837.63,6668.45,6677.35,-2.21,142440992.00,2018-02-28
6677.35,6683.23,6338.55,6391.15,-4.29,108096000.00,2018-03-04
6391.15,6477.24,6270.34,6271.94,-1.87,78950896.00,2018-03-05
6271.94,6426.76,6106.53,6306.91,0.56,99856800.00,2018-03-06
6306.91,6468.34,6306.91,6468.34,2.56,96387000.00,2018-03-07
6468.34,6467.77,6213.48,6225.16,-3.76,78657296.00,2018-03-11
6225.16,6261.45,6180.51,6218.56,-0.11,47696300.00,2018-03-12
6218.56,6220.95,6174.55,6207.88,-0.17,54977700.00,2018-03-13
6207.88,6237.40,6184.72,6237.09,0.47,39498200.00,2018-03-14
6237.09,6287.29,6237.09,6246.76,0.16,40666200.00,2018-03-15
6246.76,6255.23,6187.57,6194.36,-0.84,64143100.00,2018-03-18
6194.36,6214.69,6126.30,6144.04,-0.81,55470300.00,2018-03-19
6144.04,6152.02,5977.36,5991.86,-2.48,65264200.00,2018-03-20
5991.86,6004.87,5760.36,5805.17,-3.12,83773296.00,2018-03-21
5805.17,5856.42,5620.40,5684.47,-2.08,114348000.00,2018-03-22
5684.47,5682.26,5292.52,5300.55,-6.75,129298000.00,2018-03-26
5300.55,5649.38,5068.22,5594.41,5.54,161812000.00,2018-03-27
5594.41,5690.00,5418.37,5503.00,-1.63,114887000.00,2018-03-28
5503.00,5602.83,5483.12,5569.35,1.21,64058300.00,2018-03-29
5503.00,5581.63,5358.64,5420.58,-2.67,55508200.00,2018-04-01
5420.58,5436.82,5369.21,5397.00,-0.44,46905700.00,2018-04-02
5397.00,5437.81,5350.59,5422.28,0.47,39020000.00,2018-04-03
5422.28,5641.38,5422.28,5630.62,3.84,73326896.00,2018-04-04
5630.62,5805.57,5605.67,5805.57,3.11,192926000.00,2018-04-05
5805.57,6263.93,5802.50,6163.67,6.17,272340000.00,2018-04-08
6163.67,6376.87,6123.55,6133.74,-0.49,241687008.00,2018-04-09
6133.74,6201.99,5992.80,6039.11,-1.54,98283696.00,2018-04-10
6039.11,6081.21,5952.01,6081.21,0.70,68858200.00,2018-04-11
6081.21,6217.24,6079.40,6161.08,1.31,133440000.00,2018-04-12
6161.08,6244.92,6037.61,6244.92,1.36,117026000.00,2018-04-15
6244.92,6547.89,6219.90,6538.16,4.70,280815008.00,2018-04-16
6538.16,6898.59,6550.45,6898.59,5.51,387478016.00,2018-04-17
6898.59,7098.61,6809.05,6962.10,0.92,393441984.00,2018-04-18
6962.10,7082.67,6851.53,7013.33,0.74,233286000.00,2018-04-19
7013.33,7377.72,7019.79,7366.32,5.03,299168992.00,2018-04-22
7366.32,7572.98,7153.46,7277.88,-1.20,416740992.00,2018-04-23
7277.88,7306.55,7113.46,7201.88,-1.04,229612992.00,2018-04-24
7201.88,7219.28,7119.86,7144.61,-0.80,139476992.00,2018-04-25
7144.61,7167.69,6907.38,6913.49,-3.23,170480992.00,2018-04-26
6913.49,7034.95,6816.84,6915.90,0.03,104110000.00,2018-04-29
6915.90,7026.27,6829.02,7022.91,1.55,92481296.00,2018-05-02
7022.91,7172.71,7023.24,7098.53,1.08,191076000.00,2018-05-03
7098.53,7124.51,7015.43,7030.21,-0.96,94845000.00,2018-05-06
7030.21,7028.38,6938.57,6948.50,-1.16,104570000.00,2018-05-07
6948.50,7104.14,6948.53,7099.73,2.18,137335008.00,2018-05-08
7099.73,7148.16,7041.16,7081.04,-0.26,85739296.00,2018-05-09
7081.04,7087.49,7009.80,7011.76,-0.98,90398800.00,2018-05-10
7011.76,7025.22,6941.56,6941.80,-1.00,83261504.00,2018-05-14
6941.80,6996.27,6927.56,6929.04,-0.18,32680000.00,2018-05-15
6929.04,6975.32,6921.27,6929.23,0.00,40826300.00,2018-05-16
6929.23,7009.35,6928.10,6957.95,0.41,55715300.00,2018-05-17
6957.95,7091.58,6954.54,6977.71,0.28,83040896.00,2018-05-20
6977.71,6978.52,6884.68,6901.26,-1.10,67818496.00,2018-05-21
6901.26,6917.39,6867.63,6876.81,-0.35,36938100.00,2018-05-22
6876.81,6869.47,6831.57,6850.24,-0.39,36864500.00,2018-05-23
6850.24,6888.98,6779.65,6787.90,-0.91,52717400.00,2018-05-24
6787.90,6787.90,6654.66,6665.11,-1.81,79845000.00,2018-05-27
6665.11,6944.55,6610.79,6937.55,4.09,85665104.00,2018-05-28
6937.55,7017.60,6876.41,6943.24,0.08,148568992.00,2018-05-29
6943.24,7122.11,6888.79,6954.75,0.17,132182000.00,2018-05-30
6943.24,6970.47,6839.03,6839.03,-1.66,72735000.00,2018-05-31
6839.03,6839.85,6548.20,6548.20,-4.25,146995008.00,2018-06-03
6548.20,6665.04,6432.80,6482.45,-1.00,103174000.00,2018-06-04
6482.45,6756.25,6486.35,6627.44,2.24,58462800.00,2018-06-06
6627.44,6659.25,6449.81,6452.68,-2.64,104836000.00,2018-06-07
6452.68,6477.50,6223.47,6235.44,-3.37,91255000.00,2018-06-10
6235.44,6399.37,6187.41,6338.24,1.65,85052400.00,2018-06-11
6338.24,6378.79,6267.81,6339.83,0.03,56961100.00,2018-06-12
6339.83,6376.62,6316.99,6358.49,0.29,30914200.00,2018-06-13
6339.83,6409.03,6342.21,6353.02,-0.09,58927200.00,2018-06-14
6353.02,6359.13,6275.95,6280.62,-1.14,32846900.00,2018-06-17
6280.62,6303.14,6169.74,6303.14,0.36,38591900.00,2018-06-18
6303.14,6315.39,6205.65,6209.24,-1.49,25569900.00,2018-06-19
6209.24,6214.70,6166.10,6168.36,-0.66,27116700.00,2018-06-20
6168.36,6232.91,6134.47,6175.74,0.12,35035300.00,2018-06-21
6175.74,6264.53,6168.65,6198.66,0.37,34264300.00,2018-06-24
6198.66,6202.38,6110.99,6118.90,-1.29,32440800.00,2018-06-25
6198.66,6124.36,6028.94,6040.83,-1.28,42177800.00,2018-06-26
6040.83,6103.51,5989.87,6036.25,-0.08,43586900.00,2018-06-27
6036.25,6079.07,6017.01,6020.58,-0.26,36809300.00,2018-06-28
6020.58,6029.24,5924.26,5931.55,-1.48,37964200.00,2018-07-01
5931.55,5954.71,5868.36,5910.11,-0.36,44726000.00,2018-07-02
5910.11,5930.49,5878.92,5881.44,-0.49,38624000.00,2018-07-03
5881.44,5958.35,5859.50,5942.30,1.03,45988800.00,2018-07-04
5942.30,6264.73,5931.00,6264.73,5.43,122876000.00,2018-07-05
6264.73,6396.88,6238.64,6240.84,-0.38,116641000.00,2018-07-08
6240.84,6259.27,6105.34,6110.42,-2.09,204972992.00,2018-07-09
6110.42,6196.28,6095.16,6115.72,0.09,52812400.00,2018-07-10
6115.72,6283.34,6109.88,6116.52,0.01,52057300.00,2018-07-11
6116.52,6137.19,6002.73,6008.94,-1.76,54046200.00,2018-07-12
6116.52,6056.12,5990.15,6052.43,0.72,36052700.00,2018-07-15
6052.43,6199.45,6036.97,6199.45,2.43,21263700.00,2018-07-16
